condition,area,convex_area,eccentricity,equivalent_diameter,extent,major_axis_length,minor_axis_length,orientation,perimeter,solidity,mean_intensity_w1,max_intensity_w1,min_intensity_w1,1,2,3,4,5
1-deoxygalactonojirimycin 0.003,81.5754798052134,84.62303065024348,0.7064558039796155,10.062876173435528,0.7507930918574279,12.394769521637063,8.297435383395216,-0.003464603178714527,32.046707170375264,0.9647709277379654,0.11453073119702667,0.1894631011957916,0.0578639189849529,0.1486680034374105,0.09395588656545402,0.3463191062732741,0.18848467487825837,0.222572328845603
1-deoxygalactonojirimycin 0.01,81.53635631875503,84.6600482962168,0.704994429513163,10.040814229727852,0.7488779018699622,12.362193069554783,8.293969528547185,-0.01686435731603178,31.99660912126323,0.964208587726793,0.11846238500253936,0.1993702552123604,0.06006144878128324,0.1537429568017172,0.08693319023343171,0.352562382613362,0.20096592433592703,0.2057955460155621
1-deoxygalactonojirimycin 0.03,84.34944480731548,87.52155453951666,0.6942557547718666,10.194177151603913,0.7516567221902474,12.437441157163235,8.494059669743086,-0.04478839742070527,32.43976713541321,0.9645718528102188,0.11683218549895945,0.1968824041700283,0.05789020376275927,0.16917047681254083,0.09470934030045722,0.35695623775310253,0.16917047681254083,0.2099934683213586
1-deoxygalactonojirimycin 0.1,82.76091763405196,86.13957987838585,0.7105090788511726,10.098358844469535,0.7446664571637903,12.48074644271883,8.315802073139093,0.046796635210236276,32.2961003172104,0.9627586015773332,0.12034783232053478,0.198880326038651,0.06118156494217371,0.1423438363736871,0.08899944720840243,0.3637368711995578,0.19872857932559426,0.20619126589275844
1-deoxygalactonojirimycin 0.3,80.76653476540419,83.87365743357829,0.7069336073487925,10.007481384468695,0.7472868676471108,12.330065851391073,8.25517330743513,-0.07489048398867229,31.901788580925366,0.964284191263902,0.11781944204479566,0.19439779868985438,0.0597654041831545,0.1574335782928208,0.09553420011305823,0.3665912945166761,0.1693046919163369,0.21113623516110797
1-deoxygalactonojirimycin 1.0,84.30244648318043,87.54587155963303,0.6987985361024568,10.201219580824683,0.7495281583003338,12.494587165324484,8.468459461784636,0.09657013083532527,32.50148287436226,0.9645663725250713,0.1176187657272619,0.1969502908196915,0.05881813275769054,0.1657492354740061,0.08837920489296636,0.3452599388379205,0.1892966360856269,0.21131498470948012
1-deoxygalactonojirimycin 10.0,81.5578026783274,84.66766876195682,0.6962454146263364,10.043682765111527,0.751353695306859,12.246206272927926,8.36303851221653,-0.029462651917377035,31.892557392563187,0.964539419043084,0.12046698636700004,0.19855660766629588,0.06118622360121983,0.16015304728067778,0.0904618748291883,0.35392183656736814,0.1874829188302815,0.2079803224924843
1-deoxygalactonojirimycin 3.0,80.82207395051432,83.97219905476786,0.6998560329244694,9.97979068885734,0.7476159250714759,12.251450173965043,8.268397557617597,0.050955734297410044,31.770527398744942,0.9637012429047727,0.11985274402987325,0.20392429421031588,0.05982436344012166,0.14956908534890187,0.08979705309980539,0.3630803447317209,0.18765638031693077,0.20989713650264108
Aloxistatin 0.003,77.8912,80.88,0.7039409877761977,9.812807450506101,0.7501586135759177,12.071092559675296,8.10815469302193,-0.026064188417366744,31.194692785804595,0.9641001667828698,0.11825844001345151,0.19657150326797343,0.05941699346405228,0.14853333333333332,0.08346666666666666,0.35733333333333334,0.20693333333333333,0.20373333333333332
Aloxistatin 0.01,79.98443682405697,83.07254022685308,0.7027953986533448,9.972564090360143,0.7495492084734694,12.236755850185833,8.25549076958902,0.09601694571857261,31.713942835106593,0.9638367465142189,0.1173584219461517,0.18827201679933284,0.06060897585095764,0.16486415193880244,0.08150883671854392,0.3566341334740174,0.17778950145080455,0.21920337641783172
Aloxistatin 0.03,81.14371945961483,84.24374820350675,0.7021261085327524,10.02153358551906,0.7509129811637419,12.29793328813277,8.299325694906745,0.04449419274406953,31.892789598675343,0.964153396576157,0.12056543389929023,0.20406500628420232,0.06037203613839919,0.16958896234550158,0.08163265306122448,0.3460764587525151,0.19143432020695603,0.2112676056338028
Aloxistatin 0.1,78.71827057182706,81.64463040446304,0.704739170043143,9.879275184625696,0.7495920013200921,12.130886931852578,8.170780314776623,-0.03585257432327069,31.370270086341637,0.9648636905482368,0.11732719239927626,0.19817102852298416,0.05878715781989234,0.16736401673640167,0.09205020920502092,0.34560669456066945,0.17852161785216178,0.21645746164574617
Aloxistatin 0.3,82.79715724015398,85.78945809890435,0.7043933814273474,10.142002766918628,0.7508634056570955,12.439183009345331,8.389456934695936,-0.07115485618602278,32.2350629930536,0.9658102342807175,0.11524995227589319,0.18545379063677597,0.05888072137353614,0.1525022209061297,0.09357417826473201,0.3446846313295825,0.18211430263547526,0.22712466686408053
Aloxistatin 1.0,83.97503121098627,87.01466916354556,0.6992863297847506,10.214553379564546,0.7523801718121194,12.492028542419357,8.476424625444999,0.023187883413081322,32.47598244000682,0.965844734623175,0.1140256303797133,0.1853565396195929,0.05788260997282814,0.13139825218476903,0.08458177278401997,0.3480024968789014,0.20536828963795256,0.23064918851435706
Aloxistatin 10.0,82.29724517906337,85.27548209366391,0.6991229140652175,10.114894794610237,0.7562263753091015,12.333630610230522,8.409226938991248,-0.05819936626219672,32.09058112711776,0.9658773396661681,0.11603946209315656,0.18516555933668152,0.05972640846972419,0.17851239669421487,0.09834710743801653,0.35619834710743803,0.17548209366391185,0.19146005509641872
Aloxistatin 3.0,83.99159907300115,87.0515643105446,0.7201541166047687,10.224226460573993,0.7507647233558118,12.69376108946937,8.357508896652115,-0.056423387235528595,32.61446816035777,0.9658289232775168,0.10894553355057399,0.17088360257196708,0.05701383682093924,0.1384704519119351,0.08835457705677868,0.33111239860950176,0.20538818076477405,0.23667439165701043
Arbidol 0.003,81.4413680781759,84.57519001085777,0.7069760126752954,10.044096234563373,0.7502710907527276,12.38535618805431,8.283057413268914,-0.062418629984858934,32.01474660194715,0.9642904686116482,0.11707427465001338,0.19324450192671946,0.05963227310468179,0.16558089033659065,0.08903365906623235,0.3493485342019544,0.18838219326818675,0.20765472312703584
Arbidol 0.01,82.24800910125143,85.35210466439135,0.6873492316841426,10.071828016032315,0.7512066565061466,12.218874626545636,8.432803821296686,-0.019712773692508127,31.953744746219215,0.9647872190939722,0.12101760411624393,0.21023388877735316,0.05979053737535984,0.16780432309442547,0.09840728100113766,0.3495449374288965,0.1757679180887372,0.2084755403868032
Arbidol 0.03,79.99044914816727,83.10480123902943,0.6994748733554023,9.932455192615908,0.7507278361063007,12.1664190074688,8.245783187382031,-0.0029101132278135803,31.587601343448444,0.9639040511841495,0.11782419260426846,0.19482118092461495,0.060691437132416266,0.160557563242127,0.09602478058853897,0.3541559112028911,0.18998451213216314,0.1992772328342798
Arbidol 0.1,78.44245647969052,81.5198259187621,0.7004666693734766,9.863115921487346,0.7501131684844429,12.086058613189397,8.179097903168742,-0.01577446383815881,31.335790725976917,0.9641032369779204,0.11868227656987904,0.19180699359047168,0.06117400538551995,0.1612669245647969,0.08341392649903288,0.3341392649903288,0.19559961315280464,0.22558027079303675
Arbidol 0.3,80.01095890410959,83.07422166874221,0.7095758772171784,9.959696873733074,0.7505029408583456,12.257656778683803,8.215574661085219,-0.042694212330827416,31.668769440676638,0.9646729587084608,0.11923442045823378,0.19211144482699594,0.06138158376675706,0.15367372353673722,0.08841843088418432,0.3584059775840598,0.1820672478206725,0.2174346201743462
Arbidol 1.0,78.35292531679698,81.26017794553788,0.6987213819405204,9.862766047854345,0.7544075067200435,12.044247483378356,8.194938867263792,-0.0179052271019138,31.261199544198693,0.9653481120369519,0.11726433825231661,0.18890007876971135,0.05963105112630118,0.16500404421677,0.09005122674575357,0.3529253167969803,0.19142626044755998,0.2005931517929361
Arbidol 10.0,86.2598695502918,89.00892550635083,0.6883474270345934,10.377211780276166,0.7663181084769697,12.481481021379302,8.70962676990271,0.07845083713604488,32.68372160699392,0.9691895063926033,0.1043023667070812,0.16617966788500532,0.0509282257358828,0.1531067627875043,0.0937178166838311,0.34260212838997595,0.19327154136628905,0.21730175077239958
Arbidol 3.0,83.75976622577669,86.65672100892033,0.703445530458947,10.203401061455175,0.7579442748096796,12.4688975238652,8.455202105373203,0.026323844334296055,32.34834077351279,0.9672341077461962,0.1125782455849725,0.1782621938347778,0.05726292362531008,0.159643186711781,0.08397416179637035,0.34820055367579206,0.19163334358658873,0.21654875422946784
CAL-101 0.003,79.72722415174994,82.81351856799358,0.7002799912150063,9.93727162277513,0.7491898821962609,12.194340612371116,8.232801080359367,-0.06682321477055583,31.61467285402084,0.964290832754748,0.11919618546885832,0.19751483815540563,0.06028377153693437,0.15949772909430937,0.09751536200908362,0.3545284531124766,0.18487843975420787,0.2035800160299225
CAL-101 0.01,80.1384292093512,83.31310743367482,0.6919742925369742,9.941737105765387,0.7494617546379444,12.11877068661338,8.291067210869477,-0.015672991121648636,31.608087678333117,0.9637715023411006,0.12365570006485671,0.20836307730341844,0.061954758262643204,0.15602836879432624,0.08615707906488049,0.34961912266876805,0.2085631731021802,0.19963225636984502
CAL-101 0.03,83.63733166301284,86.84121515815848,0.7006894907698856,10.1568757507924,0.7513002860091587,12.460190433725726,8.414890063197872,-0.01291357885345774,32.340723397841074,0.9643733212736486,0.1159609448934466,0.1917957787562251,0.058456918627143875,0.15690573128719074,0.08800501096147824,0.34043219542749764,0.18477920450986532,0.22987785781396805
CAL-101 0.1,80.92269544924154,84.06038506417737,0.7059637113533955,9.996043967489427,0.7458368041968193,12.298031258535792,8.259307202631009,0.03932101236480389,31.867520009573614,0.9638992308091032,0.12083612133735262,0.20280704463815777,0.06103312970462396,0.15898483080513418,0.09772462077012835,0.32876312718786466,0.19603267211201866,0.21849474912485414
CAL-101 0.3,81.56599356160375,84.6660813579163,0.7046198741294243,10.04690764391694,0.747773404758231,12.337295982916222,8.310403886602742,-0.08963903582667278,31.967163484423295,0.9644214400706553,0.11866427664575578,0.19372457206470498,0.060978555894116486,0.1694468832309043,0.10857477319285923,0.3558677202224173,0.16417910447761194,0.2019315188762072
CAL-101 1.0,81.59854677565849,84.8513472600666,0.7000151427711802,10.024986863409023,0.7493116885268939,12.322414614058449,8.29934720796878,0.05991436885526501,31.98092063398484,0.9629372845735458,0.12179225168156974,0.20352175384231783,0.06037173573637753,0.16167120799273388,0.07750529821374508,0.35876475930971846,0.18770814411141387,0.21435059037238874
CAL-101 10.0,87.20226130653266,91.29438860971524,0.6996917366963202,10.270944861475751,0.7425895578159585,12.700701235638173,8.507112081259647,-0.003827075773808973,33.073846017349354,0.9602631514007386,0.130778695350537,0.22559652839360186,0.06280873320852645,0.1654103852596315,0.08793969849246232,0.37520938023450584,0.18299832495812396,0.1884422110552764
CAL-101 3.0,83.86872455902306,87.3236092265943,0.7014447649455051,10.129922027685655,0.7481818382847198,12.486113123049627,8.377514589864665,-0.01320481293057463,32.425142396515625,0.9631728480119878,0.12403984502195535,0.21015510681884675,0.06228849070157223,0.1692672998643148,0.08548168249660787,0.3683853459972863,0.19470827679782904,0.182157394843962
Camostat 0.003,79.1562254259502,82.23250327653997,0.696442634716742,9.899939798565628,0.7503596260647853,12.110560565532069,8.223216771249781,-0.03212680767527044,31.459522939905987,0.9636751350365067,0.1205970010413304,0.2045018374322207,0.06032277131035917,0.16068152031454783,0.09331585845347314,0.3596330275229358,0.17876802096985583,0.20760157273918742
Camostat 0.01,81.55284791544334,84.6253669994128,0.6961987783619882,10.054844102721109,0.7523334684875588,12.277120517864963,8.364333732628847,0.07406547237328641,31.93516473159954,0.9647457980003795,0.11666980990242469,0.19138199025940372,0.05949449069116772,0.15325895478567234,0.08455666470933647,0.34321785085143863,0.19729888432178508,0.22166764533176747
Camostat 0.03,82.3293803735547,85.40587014527127,0.7008340483721879,10.108672497724298,0.7482550110357299,12.399074751228083,8.37427057498307,0.005271231949100645,32.17854193332469,0.9650407809119969,0.11858420818077375,0.19497625317544673,0.06004487771983986,0.16009487103468723,0.09190631485324637,0.35250518825970945,0.1852949896234806,0.21019863622887638
Camostat 0.1,81.08840227088402,84.20762368207623,0.7050356102555888,10.019056482536433,0.7476032379173189,12.317109978221056,8.281710871552526,-0.023892682390593285,31.91120708742339,0.9641194350529617,0.11754739449074851,0.19560241506713447,0.059397876479599834,0.14733711814003786,0.09029467423628007,0.3571235469045688,0.19113273857799407,0.2141119221411192
Camostat 0.3,81.62308146399056,84.69421487603306,0.6945526070045486,10.040505927856628,0.7497375900946809,12.260119495652056,8.355180981240798,-0.02826631216522617,31.893714608779245,0.964738598997238,0.11893847675105639,0.19938248026483246,0.059478956872005086,0.16853600944510036,0.08441558441558442,0.35566706021251476,0.19037780401416765,0.2010035419126328
Camostat 1.0,82.63018867924528,85.91913746630728,0.6995885686057194,10.084860294716398,0.7469331777858336,12.362560417580005,8.369300821901428,-0.007939400947184814,32.14740537870107,0.9634045541497126,0.11985212528294033,0.20480180751545882,0.05952143121399484,0.16118598382749327,0.08652291105121294,0.35444743935309975,0.1876010781671159,0.21024258760107817
Camostat 10.0,82.18061008758683,85.421926910299,0.6926881018987352,10.069439894445711,0.7500294718640776,12.29942255791664,8.38971890038913,-0.04876392486381789,32.052347037514316,0.9635742643978531,0.11847396143400384,0.20614173787908424,0.05843445200490361,0.1543340380549683,0.08849290244639083,0.3672606463304138,0.1836303231652069,0.20628209000302022
Camostat 3.0,83.78662827895073,86.9088291746641,0.6936240819353077,10.171263840005293,0.7516430579551012,12.412208572789048,8.46690684608456,-0.007069943113526954,32.34247936298807,0.9650632209204223,0.11709650492059932,0.20258395744734245,0.057455182968901,0.1746641074856046,0.08637236084452975,0.3672424824056302,0.16698656429942418,0.20473448496481125
Chloroquine 0.03,84.98500153045607,88.21334557698194,0.6949336923982997,10.246801959332789,0.754059842264957,12.519063191266534,8.52383401127792,0.0520123432179243,32.63072913165826,0.9647732687364176,0.11849512962696707,0.19652016300857578,0.060350384414555404,0.15212733394551575,0.08019589837771655,0.3443526170798898,0.209366391184573,0.21395775941230485
Chloroquine 0.1,81.94817658349328,85.06992048258843,0.7010969054804267,10.073517449903193,0.7493795443873502,12.357548015746907,8.342262918800692,0.01063331666946398,32.05548223896784,0.9645955809730874,0.12095694863707943,0.2018645462023576,0.060799905374817824,0.1565670414038936,0.0819851933095695,0.36057033177954484,0.19139018371264052,0.20948724979435152
Chloroquine 0.3,82.34060454970395,85.3963851667186,0.7035452550907269,10.10673514935692,0.7524860843587793,12.408013315856708,8.35871282231583,0.017202512702369145,32.150057303118544,0.9650509166487662,0.11367227346263885,0.18840913118129696,0.05762469525049031,0.1389841071985042,0.08289186662511686,0.34527890308507325,0.2184481146774696,0.21439700841383608
Chloroquine 1.0,81.30823322590096,84.28860240257838,0.7106100875685886,10.050712867440412,0.7493917512928013,12.387764176366774,8.274251495348285,0.08200652430923441,31.955243576830267,0.9653810805708194,0.11317204982572741,0.17756559406651573,0.058758035883559524,0.1333138001757984,0.08995019044828596,0.36067975388221507,0.21242308819220626,0.20363316730149428
Chloroquine 10.0,77.02978723404256,79.71595744680852,0.6901104824946963,9.803589062634844,0.7617698795845388,11.861614237672844,8.20033788399626,-0.015519297154021677,30.88059947997262,0.9672131939521832,0.11324127261422659,0.17183510638297772,0.05971865874009165,0.17553191489361702,0.09069148936170213,0.3449468085106383,0.18377659574468086,0.2050531914893617
Chloroquine 100.0,76.76047904191617,80.44910179640719,0.6600486360763135,9.578104047287615,0.7340107435530215,11.545530858601822,8.182337175317732,-0.009991839105456847,30.57388525611405,0.95320034437512,0.12105444369104246,0.23636354741497423,0.04810477085045571,0.17864271457085829,0.0718562874251497,0.3652694610778443,0.1906187624750499,0.1936127744510978
Chloroquine 3.0,77.08790401567092,79.95861900097943,0.7138572736817967,9.801484425112477,0.7516090339726856,12.101031236529632,8.053640275984211,-0.0014252861649893555,31.110599399627645,0.9651966344661401,0.12076322174736764,0.1852307426398558,0.06320960803518237,0.1530362389813908,0.09769833496571988,0.33741429970617043,0.19711067580803135,0.21474045053868757
Chloroquine 30.0,74.46216385240776,76.92151344590368,0.6253911250073318,9.624684847851416,0.7701645812801542,11.176760145463156,8.377284760594714,0.0313116030975061,29.921183259494768,0.9689500203905287,0.11139584071017895,0.16943156875007673,0.05841671878257232,0.21575984990619138,0.07754846779237023,0.3705440900562852,0.158223889931207,0.17792370231394622
Cobicistat 0.003,80.77966573816155,83.81977715877437,0.7088002314580757,10.012367233788071,0.7495763193210103,12.35525785989956,8.24577523956704,0.03254851021679472,31.88987603984306,0.9642947136319276,0.11962249073953736,0.2001564804194653,0.06028401332677939,0.17576601671309192,0.08495821727019498,0.3554317548746518,0.18412256267409471,0.19972144846796658
Cobicistat 0.01,82.29126213592232,85.42747001713306,0.7056120063762947,10.09148840779075,0.7481647617240841,12.411355625359667,8.336425427801672,-0.003482175669155607,32.14250220386639,0.9646222829042539,0.11687404321816734,0.1939572345214493,0.05892739163055291,0.15105653912050257,0.08280982295830953,0.34637350085665336,0.20159908623643633,0.21816105082809822
Cobicistat 0.03,81.61553672316384,84.7406779661017,0.7008801392304598,10.048905108057989,0.7514226718988257,12.320432200261934,8.329956538616816,-0.1236673977609319,31.961571599274748,0.9646276551486181,0.1192885207267763,0.20146532624349087,0.05986928104575169,0.1536723163841808,0.08502824858757062,0.35706214689265536,0.188135593220339,0.21610169491525424
Cobicistat 0.1,81.6000546000546,84.76003276003276,0.7061444583755812,10.051748774993982,0.7496140218896209,12.350271916028955,8.310952161733812,0.011206910650810203,32.00089452970725,0.9639462462050278,0.11917787126700517,0.1925013248542648,0.06159394688806465,0.15915915915915915,0.08817908817908818,0.33933933933933935,0.19464919464919464,0.21867321867321868
Cobicistat 0.3,81.86540096344574,84.90223859450269,0.7044603807339277,10.062903656798644,0.7513546683875986,12.36043112866894,8.321928624619371,-0.0141189378809964,32.01665475902931,0.9652567679191087,0.11773239922950116,0.19264775334900128,0.0604078809194409,0.1725701331822046,0.09152734485689998,0.3394729385094928,0.17597052989515444,0.22045905355624823
Cobicistat 1.0,80.16954099230566,83.27540461660918,0.6959607808775194,9.950040415199899,0.7512512855921533,12.14697479116945,8.282891066726654,-0.050818511237473926,31.586597775229897,0.9641131933763509,0.11690539058130706,0.19304257123385177,0.059798198929346305,0.1631732555054391,0.08251525603608384,0.34969487927832316,0.1952772618731759,0.20933934730697798
Cobicistat 10.0,85.37883188125201,88.3543078412391,0.694318034319958,10.30265242850117,0.7580627507153505,12.499151324044211,8.596038134028145,-0.05450228773764464,32.62543693223214,0.9669192927690753,0.115113669508152,0.1833064429385822,0.05774886269448079,0.15908357534688608,0.0909970958373669,0.34849951597289447,0.1919974185221039,0.20942239432074863
Cobicistat 3.0,83.5005711022273,86.63792118789263,0.6854506998391239,10.151276784656215,0.7527780717414206,12.297367748782818,8.513254653472556,0.0022476129185309123,32.225877308947894,0.9646041208975412,0.11919649250992229,0.19928024322235965,0.060817068117938126,0.16676185037121644,0.08109651627641348,0.35037121644774416,0.19246145059965733,0.2093089663049686
Darunavir 0.003,79.85008060182697,83.00107469102633,0.7055126886599047,9.940848035136367,0.7488387563266181,12.235772953371319,8.211468758800297,-0.0911499610111918,31.653592054627477,0.9635813977047236,0.11920861988031241,0.19935518538420124,0.05997671502776278,0.17974207415368082,0.0986029016657711,0.3576034390112843,0.16711445459430413,0.1969371305749597
Darunavir 0.01,83.63544055027842,86.7376351130036,0.6894197303136227,10.175923126484697,0.7518269729389582,12.371095984820286,8.503639443035457,-0.04809663261562571,32.32770043307056,0.9648217911530783,0.11857378171823006,0.2084121693223635,0.05766812457049672,0.1693416311824435,0.09007533573534228,0.3540779561087455,0.1794955781198821,0.20700949885358663
Darunavir 0.03,79.08576008549292,82.06331819396206,0.7023070454872211,9.904303767335238,0.7506936132445322,12.136613422307585,8.2046815544952,0.06961900506643731,31.464469742922,0.9648960203221985,0.11892218783091531,0.19388165097724805,0.06048257400742833,0.1627037135987176,0.08175260486240983,0.3438418380977825,0.19770237777184077,0.21399946566924927
Darunavir 0.1,81.12972222222223,84.21055555555556,0.7006874198182537,10.014412625371053,0.7504116400689879,12.27784456916936,8.303712625767991,-0.09831316185272591,31.867678021431992,0.9647093139185455,0.11830183876037274,0.19464896514161126,0.06073801742919393,0.1475,0.09194444444444444,0.35555555555555557,0.19805555555555557,0.20694444444444443
Darunavir 0.3,81.32266511492581,84.35234215885947,0.7021949267404146,10.046498256069857,0.7497722414856163,12.318848688032462,8.32107475663352,-0.09416696088540742,31.9497237976574,0.9644724747163292,0.11674850232705301,0.19664835384255516,0.0581229640532384,0.16002327611288913,0.08932208321210358,0.358743089903986,0.1757346523130637,0.2161768984579575
Darunavir 1.0,81.73151515151515,84.8630303030303,0.7030928117897345,10.063758287202326,0.746766805463111,12.372188149312214,8.324034212621763,-0.05240935177579823,32.06983796026502,0.9639369190342235,0.11707344155296161,0.20367944147355826,0.05803654188948352,0.1484848484848485,0.1,0.3660606060606061,0.18575757575757576,0.1996969696969697
Darunavir 10.0,79.91142777312098,82.92595697122101,0.6994417175533817,9.941448778329201,0.7519690084201857,12.144959576119508,8.258552651694176,-0.06280650162384707,31.54413749058137,0.9648659964491397,0.1173071176663019,0.19237655386267344,0.06028001029973323,0.17211511595417714,0.09416037999441185,0.3534506845487566,0.17127689298686785,0.20899692651578652
Darunavir 3.0,81.00104465917994,84.11726299294855,0.709054112539132,10.024229819153746,0.7498239325973343,12.347696290767761,8.263784513097312,0.02976668748438616,31.921175198151396,0.9644686240784149,0.11756452985339619,0.18737601073336013,0.0612380235457988,0.1504309219117263,0.09193000783494384,0.3298511360668582,0.21311047270827893,0.21467746147819275
Dimethyl fumarate 0.003,79.66423948220064,82.75458468176915,0.7074211605743735,9.920789770100532,0.7494118902278384,12.236166783235964,8.17674232893968,-0.00908152777489664,31.607861585897965,0.9638799439333502,0.12149153808736075,0.20149993654419607,0.061577775662584246,0.168554476806904,0.08683926645091694,0.35382955771305286,0.1836569579288026,0.20711974110032363
Dimethyl fumarate 0.01,81.31984866123399,84.34458672875436,0.6955335375061952,10.035162592847241,0.7520487380437183,12.273284666365106,8.338539357475275,-0.015514034316452749,31.89511046994774,0.9649592323937842,0.1147201368618662,0.18966251226916717,0.05867201944805865,0.1781140861466822,0.07566938300349244,0.3541909196740396,0.18538998835855647,0.20663562281722933
Dimethyl fumarate 0.03,82.25357242925189,85.3911459792659,0.6943659085158619,10.073877641771919,0.7498302847445545,12.290957414006085,8.388695031467305,-0.059828442765395715,32.0253386860111,0.9644454660317736,0.11757633023398921,0.19257220400068079,0.061012311901504995,0.1594284113196974,0.08938077892967218,0.3597646399551695,0.18072289156626506,0.21070327822919585
Dimethyl fumarate 0.1,82.90234822451318,86.05870561282933,0.6981317103501804,10.122455523991825,0.7478513505193124,12.393119955419845,8.404871090407312,-0.006962216869372158,32.22711115555313,0.9645691374765407,0.11760674585846981,0.19649422770253516,0.05886339644678,0.1764032073310424,0.09106529209621993,0.34851088201603664,0.17096219931271478,0.21305841924398625
Dimethyl fumarate 0.3,80.7183418512209,83.74673480976718,0.7005950042084385,9.993479034693905,0.7518960969564413,12.236098327495089,8.287442128547125,0.046454887220284735,31.766243764908804,0.9649800375346749,0.11727208676745238,0.19120040974936214,0.06005166405006052,0.15105053946621239,0.07978421351504827,0.3478137421919364,0.20045428733674048,0.22089721749006247
Dimethyl fumarate 1.0,83.00783368484483,86.04459174450136,0.7028308376725726,10.146444599952614,0.7527581622835336,12.444380225168146,8.397914867676928,0.020442404475468988,32.277059573155746,0.9652914851671609,0.11492733269056779,0.1897902155740269,0.058261701788277866,0.17686050015064778,0.08014462187405845,0.35251581801747517,0.18318770714070504,0.20729135281711358
Dimethyl fumarate 10.0,81.92760180995475,85.09417420814479,0.6977012856808344,10.069324285318812,0.7512345887730932,12.309150516843392,8.370140926566155,0.031431092488229194,32.03344829335919,0.9641659931662219,0.11832912196403782,0.19243828187383427,0.060858896726111326,0.15978506787330315,0.08399321266968326,0.34785067873303166,0.19683257918552036,0.21153846153846154
Dimethyl fumarate 3.0,79.39958911145352,82.42706728299949,0.6959539913283682,9.91664213402723,0.7509543150088026,12.115118598156133,8.244676453865674,-0.051136003666392836,31.48718766458912,0.9645276351092495,0.11968994966080668,0.1974609001278985,0.06122717705469442,0.15819209039548024,0.09142270159219312,0.3554185927067283,0.1813045711350796,0.21366204417051873
Favipiravir 0.003,81.681640625,84.837890625,0.6966054892424447,10.03427372980911,0.7492280835381051,12.280265990657378,8.335539141298232,0.028333252606849678,31.927301888475576,0.9640729359578124,0.12077357376486551,0.2067174916841726,0.060132177871148544,0.16741071428571427,0.09207589285714286,0.3490513392857143,0.18136160714285715,0.21010044642857142
Favipiravir 0.01,84.0937139561707,87.2863321799308,0.702825503532585,10.194437612045258,0.7504268945264779,12.521405376481418,8.438835329351326,-0.07745818446971914,32.482575415930505,0.9646845107936555,0.11822196044643876,0.19906992785580044,0.05946779519189453,0.16147635524798154,0.0983275663206459,0.36649365628604386,0.16551326412918108,0.20818915801614762
Favipiravir 0.03,82.65618448637316,85.75142258161127,0.6976970531548781,10.11457757594774,0.7516114105664724,12.364753432911865,8.403848098616201,0.006312177903273513,32.164791242754646,0.9651847449417761,0.11692569397701297,0.19205086646818015,0.059405774888571794,0.15932914046121593,0.08026355196166517,0.3498053309374064,0.1982629529799341,0.2123390236597784
Favipiravir 0.1,79.56740228662589,82.62483382079235,0.704868877366634,9.923768527508937,0.7499096320847215,12.196392792646076,8.203587576621228,0.02992701967129715,31.558511052117215,0.9640224458297758,0.11704068128387028,0.1892167289675769,0.05978332838054108,0.15687317202871576,0.07896835947886201,0.3560223344855092,0.19064078702472748,0.2174953469821856
Favipiravir 0.3,81.14665127020785,84.22401847575058,0.704567649913988,10.027424685666835,0.7493572819896777,12.319354610925648,8.291296205947965,0.019362273247776535,31.919798062936675,0.9642977392752669,0.11794339022368168,0.1965884390707771,0.05937910383552946,0.15993071593533487,0.08920323325635104,0.34382217090069284,0.18331408775981525,0.223729792147806
Favipiravir 1.0,82.13084632516704,85.36191536748329,0.6978715022600017,10.084524399493953,0.7463525912763094,12.352074445694093,8.371104185865386,0.02670900686268081,32.12097793565394,0.9635159656228081,0.12139817490931415,0.20443578322197384,0.06121992226734814,0.1450445434298441,0.0826837416481069,0.3513363028953229,0.2032293986636971,0.21770601336302894
Favipiravir 10.0,83.03219981944027,86.18838399037014,0.6910770774610865,10.120954991466409,0.7518317403643606,12.313272101752593,8.451035793677386,0.06742899444398388,32.135430605901455,0.9648757401268918,0.11963359948526917,0.19983950245761797,0.05973281879709426,0.1649112247968703,0.09027986758952754,0.340956966596449,0.19560637977730966,0.2082455612398435
Favipiravir 3.0,81.49377593360995,84.6923928077455,0.6953540636733878,10.034244251325982,0.7513196905973908,12.273573344170238,8.340650289725197,0.06695323024542058,31.933965570704242,0.9639805706491248,0.12404010093657038,0.21426870609931375,0.06165975103734451,0.14190871369294605,0.07219917012448132,0.37621023513139695,0.19308437067773168,0.216597510373444
GS-441524 0.003,82.25584711922419,85.39189960068454,0.7050773940285915,10.0877327998567,0.7523513634261426,12.414342906513838,8.335914352168244,-0.030628434236908662,32.119016525906694,0.9647623754311337,0.11782071576097497,0.19514669530105197,0.05934616288044032,0.1751283513976041,0.08185966913861951,0.36737022247575585,0.17569880205362237,0.19994295493439818
GS-441524 0.01,81.84463354378259,84.91270930551742,0.7012425745938695,10.068170700415738,0.7532502528525095,12.333443883831167,8.346889334473452,-0.017337397908542305,31.995741334524052,0.9651195326150902,0.11807651936544226,0.1936536898591432,0.05990995355045694,0.15701345045292342,0.09195717814987647,0.3532802635190777,0.1841888553390063,0.21356025253911612
GS-441524 0.03,80.34245076586433,83.45049234135668,0.7077499099471682,9.970599153153339,0.7483273139024388,12.296463339614782,8.222098684680764,-0.03841812553703237,31.77460469505547,0.9639685447619533,0.11995726686980693,0.20340241129274392,0.05970121637276364,0.14797592997811815,0.08588621444201312,0.35311816192560175,0.18845733041575494,0.22456236323851203
GS-441524 0.1,81.4487917146145,84.54085155350978,0.6993203191415591,10.04557396758627,0.7519211191136705,12.286643960520975,8.3433770988924,0.031782305644047666,31.931929688375686,0.9645753016141801,0.11611742901709543,0.19393318892574227,0.0587143775807215,0.16196777905638665,0.08227848101265822,0.35241657077100114,0.19275028768699654,0.21058688147295743
GS-441524 0.3,82.65402712427345,85.76833656241351,0.6964825224717934,10.120135953001386,0.7527183162054043,12.364448870689028,8.412657979265225,0.009552329149533407,32.1775164369345,0.9645971553606474,0.11788339909837414,0.19707836082121635,0.05918171309487008,0.1544422917243288,0.08164959867146415,0.3575975643509549,0.19153058400221423,0.21477996125103793
GS-441524 1.0,81.38345153664302,84.49290780141844,0.7137874205881102,10.054308651837484,0.7516836981661028,12.422386106448501,8.263795261182787,0.06302438642646392,32.03143020710951,0.9646075069538317,0.11827050395612759,0.18341955221804843,0.062211792518425894,0.16146572104018914,0.09125295508274232,0.3387706855791962,0.18699763593380614,0.22151300236406618
GS-441524 10.0,86.08082813386274,89.15796937039138,0.724933348064499,10.358081741136084,0.7514134984136922,12.894298092936252,8.43885455152869,0.010956423711147202,33.09852735995011,0.9657750997147752,0.1061633587900695,0.16005722198124864,0.0573312535450935,0.15570051049347702,0.09500850822461714,0.34231423709585934,0.17725467952353943,0.22972206466250708
GS-441524 3.0,80.17828485456369,83.13590772316951,0.7386413273613929,10.008058990635764,0.7472702328781153,12.596674596540812,8.065874848314413,0.05584566691641254,32.00716124668622,0.9648875659331924,0.10881753091123482,0.16282573209825466,0.05947868114146392,0.12337011033099297,0.08876629889669008,0.3340020060180542,0.22592778335005015,0.22793380140421263
Haloperidol 0.003,80.80212591986917,83.97710547833196,0.702010986652705,9.986756427043725,0.7500983119062458,12.245702066853559,8.27873031016004,0.06069781924664976,31.766081414275085,0.9638319482289474,0.11942276505937063,0.19605571855343296,0.061344385123904936,0.15971654401744345,0.08203870264377215,0.3605887162714636,0.18915235759062415,0.20850367947669665
Haloperidol 0.01,80.28092016238159,83.34749661705007,0.7101806162582126,9.980776307207925,0.7511240749323935,12.302861843758166,8.2218216497418,0.025508849584423936,31.754325841877197,0.9648442570999445,0.11937391679156899,0.19190612645599445,0.060543925283238945,0.17185385656292287,0.0871447902571042,0.34641407307171856,0.18105548037889038,0.213531799729364
Haloperidol 0.03,81.84968078932096,85.01015670342426,0.7068933639219013,10.062931080726074,0.7491077134568999,12.4199624919787,8.295570795609574,0.045853148105143494,32.11387225615685,0.963965565239845,0.119206975306061,0.20025605134682933,0.05995186234679601,0.15293093441671504,0.0934416715031921,0.3421358096343587,0.20545560069645966,0.2060359837492745
Haloperidol 0.1,81.1266149870801,84.16709732988802,0.7006437387133715,10.021578796538709,0.7517753788559306,12.288989862961905,8.299118648224693,0.04571836493063555,31.86231390428425,0.9649744770855535,0.11851859483995068,0.19915753266566413,0.05888658075920595,0.1536032156187195,0.0921619293712317,0.3479758828596038,0.19695664656904968,0.20930232558139536
Haloperidol 0.3,81.60986547085201,84.76625560538116,0.6961354194922131,10.03512602755843,0.7475974005937028,12.276179218973123,8.344297924049457,0.004927781425227011,31.956568610076914,0.9639526157764116,0.12354788205180514,0.20946320232128615,0.06145613514464069,0.14938340807174888,0.08772421524663677,0.351737668161435,0.20039237668161436,0.21076233183856502
Haloperidol 1.0,80.79958799293702,83.93584461447911,0.6986369402323377,9.979185638957803,0.7485553001570213,12.240208297204008,8.280243762546949,-0.04196240898386946,31.78717504043631,0.9634944104201052,0.1179997137707038,0.2031315999030567,0.0588347817055017,0.16097704532077692,0.08858151854031783,0.3681577398469688,0.18658034137728075,0.19570335491465568
Haloperidol 10.0,85.15220949263502,88.44026186579379,0.6502093255619205,10.202648685790681,0.7584526815429474,12.098286432730166,8.742314596088587,-0.023905399004538738,32.24200964970524,0.965748826909963,0.12561326317706178,0.21841564776483283,0.06088122974230627,0.18985270049099837,0.088379705400982,0.3711947626841244,0.17086743044189853,0.17970540098199672
Haloperidol 3.0,82.87286821705426,86.04682170542635,0.691043650104735,10.110976529925145,0.7479666313505543,12.298956294781728,8.443765167805457,-0.0009625437225883936,32.127444402872065,0.9643504890929872,0.11766441346577931,0.2040130718954238,0.058585803313573444,0.1516279069767442,0.10077519379844961,0.35007751937984494,0.18108527131782945,0.2164341085271318
Hydroxychloroquine Sulfate 0.03,83.06975430669303,86.35272521886473,0.7002598950364879,10.130835808872014,0.7495343627127221,12.41181679031227,8.405975374441025,0.02243789980867678,32.283665946225554,0.9635048439047833,0.12084628415158247,0.2052962218493718,0.060353782857396426,0.15673538548432647,0.08076814459192319,0.37164642756283534,0.18949449308105054,0.20135554927986443
Hydroxychloroquine Sulfate 0.1,83.42089093701998,86.56958525345622,0.6989225802918201,10.151845166657807,0.7491503067674378,12.418736063073961,8.426920579598601,0.02365597967065588,32.30409294024762,0.9645958447769395,0.11717570507237127,0.1960618656064571,0.05887292551429205,0.16251920122887864,0.0847926267281106,0.35360983102918586,0.18617511520737326,0.2129032258064516
Hydroxychloroquine Sulfate 0.3,80.48261589403974,83.53863134657837,0.7034737941263787,9.984786412537515,0.7533534977033858,12.257392999331831,8.260601767734707,0.0037094261853985,31.75770614265311,0.9646312257341998,0.11750458087607789,0.19430809851534322,0.059692464182140886,0.15618101545253862,0.0858167770419426,0.3554083885209713,0.1956401766004415,0.20695364238410596
Hydroxychloroquine Sulfate 1.0,80.25471175166297,83.16407982261642,0.7046332221639557,9.993706568991533,0.7524996684718337,12.26486389249693,8.261514691479611,-0.01927690550594163,31.711467803273322,0.9658058202033278,0.11696598921159775,0.1889146124081549,0.05958409416981891,0.1674057649667406,0.08647450110864745,0.3531042128603104,0.18625277161862527,0.20676274944567627
Hydroxychloroquine Sulfate 10.0,79.25079787234043,82.00372340425533,0.7081982354020921,9.943490224819238,0.7576913679940205,12.175648364700045,8.220857585475676,0.04285554253156129,31.465839052369798,0.9668806887884915,0.11588199814839634,0.176084428452231,0.060192167292448764,0.15159574468085107,0.08377659574468085,0.3473404255319149,0.1949468085106383,0.22234042553191488
Hydroxychloroquine Sulfate 100.0,83.77881040892193,87.41542750929368,0.6492800254875968,10.08262092637188,0.7462949627719203,12.086507223415346,8.632109359467423,-0.024985079360669966,32.095824899105274,0.9592627731948022,0.10779954971092792,0.18010059042204227,0.05428147095269334,0.18494423791821563,0.07806691449814127,0.39312267657992567,0.18494423791821563,0.15892193308550187
Hydroxychloroquine Sulfate 3.0,79.66823406478579,82.63897596656217,0.7125486783001441,9.947767653182972,0.7503059350658025,12.25027482751928,8.193290375128559,0.015352673157730772,31.614908055850307,0.9652488221794023,0.11888593369492047,0.18408399409920534,0.06160156330034627,0.14420062695924765,0.08881922675026123,0.3518808777429467,0.1893939393939394,0.22570532915360503
Hydroxychloroquine Sulfate 30.0,75.32013201320132,77.76138613861386,0.6335569203476381,9.687656796997443,0.7706222776398958,11.276665548152456,8.404972788471891,-0.013073224745719689,30.123456935245446,0.9689587212585725,0.11492887204750195,0.17409499773506726,0.06051575745809838,0.19042904290429044,0.07920792079207921,0.36534653465346534,0.17623762376237623,0.18877887788778877
Imiquimod 0.003,82.22951755638024,85.32857550670853,0.6983391732845444,10.086516577622923,0.7524687923341297,12.355921766155516,8.365232955612093,-0.03591396544769835,32.086169761813515,0.9644698250404972,0.11659809549623754,0.19530010691116248,0.05867491729777844,0.16699971453040252,0.08849557522123894,0.35341136168998,0.18155866400228377,0.20953468455609478
Imiquimod 0.01,81.62683069712946,84.73550087873463,0.6982733884583336,10.051372648808846,0.7494690436863557,12.294094454683188,8.351297113220914,0.026284218145221395,31.970886560461363,0.9644444913511336,0.11860769670409481,0.1996709052689605,0.059448981701644095,0.15377855887521968,0.07850029291154072,0.3500292911540715,0.20123022847100175,0.21646162858816637
Imiquimod 0.03,80.1072972972973,83.07891891891892,0.6908391263037102,9.967966385830291,0.7523697151976138,12.117251985339886,8.321276467529982,0.06641638598022999,31.58958389959497,0.964957164193386,0.11867445275556483,0.19962771595124432,0.05990381558028627,0.16702702702702701,0.08486486486486486,0.3627027027027027,0.19108108108108107,0.19432432432432434
Imiquimod 0.1,82.2561372375037,85.32386867790595,0.7014807353927733,10.091497148048237,0.7502501091664292,12.36426909820833,8.361312634416192,0.010976251826588245,32.089837522728025,0.9648248264738734,0.11482354547361327,0.1899835296437411,0.05769670186915339,0.16356107660455488,0.08873114463176575,0.3404318249038746,0.18722271517302574,0.22005323868677906
Imiquimod 0.3,82.0733665559247,85.13676633444075,0.7013358888792033,10.080409847584674,0.7515723026574694,12.342587837634165,8.360929401660169,-0.058642835114926774,32.030083405082785,0.9652720870521323,0.11911806307793157,0.1933929385707761,0.060817156319892166,0.16362126245847175,0.08222591362126246,0.37320044296788485,0.18106312292358803,0.1998892580287929
Imiquimod 1.0,80.06892950391645,83.18772845953002,0.6995587188977691,9.945600164931514,0.7494055625784658,12.182275879333956,8.250432821324122,0.019239252461693567,31.603938706486637,0.9636584133131296,0.11879103961830878,0.19748169763989004,0.060223212000205265,0.14308093994778068,0.08616187989556136,0.36501305483028723,0.20078328981723237,0.20496083550913838
Imiquimod 10.0,81.52914154464543,84.48205569910996,0.7028283334046448,10.052310651707222,0.755139912801285,12.301805749642124,8.32701486413043,0.036401925636324,31.89838439341784,0.9660261695157603,0.11610572574257179,0.19161079303958145,0.05776404159137076,0.15647430376112548,0.09417169107091587,0.3474016652311226,0.20126327878265862,0.20068906115417742
Imiquimod 3.0,84.81328603676234,87.9606578523057,0.691899250972438,10.235381715024886,0.7542937789764504,12.476567299289542,8.530534921317217,0.05387410673053565,32.54609323242434,0.9651449693926301,0.11645697119632165,0.1953215597751514,0.05771635968157001,0.17510480490164462,0.08094163173169945,0.34247017091260884,0.199935504675911,0.2015478877781361
Indinavir 0.003,78.4739061676331,81.53637322087506,0.694445848821659,9.847269967425298,0.7521805518361481,12.028315445312527,8.198648715471542,-0.05171836844897293,31.270934503779596,0.9637579465593519,0.12021868692752086,0.19583036166496062,0.06173576441646758,0.16684238270954138,0.08434370057986294,0.34870848708487084,0.1929362150764365,0.20716921454928836
Indinavir 0.01,84.04752970606629,87.16854283927455,0.6949983090565209,10.198348294038471,0.7514241449424608,12.43518872795266,8.496059701312975,-0.01792007075160275,32.43225173992387,0.9650398642407655,0.1159248647914323,0.19412960306073562,0.05866564887368343,0.17104440275171984,0.08724202626641651,0.3530331457160725,0.18761726078799248,0.20106316447779862
Indinavir 0.03,83.20272269902338,86.46877774489494,0.6951122489739872,10.124242391210602,0.7507003167569516,12.37631409739304,8.425311857670382,-0.038588158232693605,32.26407792486127,0.9635728032497394,0.1182851898854898,0.19873874971711022,0.05963273738024378,0.1651376146788991,0.07931340633323468,0.38058597218111867,0.17697543651968037,0.19798757028706718
Indinavir 0.1,81.36606888699117,84.58582408198122,0.7026659781192445,10.01041726043374,0.7475114433104187,12.304857067273936,8.287053402867208,0.022389482468471646,31.92419249798821,0.963653382158346,0.11887273160929548,0.20352249069283157,0.0594824266171029,0.15314545972103616,0.09991460290350128,0.35012809564474806,0.18132650156561345,0.21548534016510104
Indinavir 0.3,81.71139655643618,84.91199781361027,0.6951652392987785,10.037046832217992,0.7512571162063195,12.26481581201929,8.354110882055565,0.06997181160497874,31.94418281013512,0.9637956102137376,0.1194820271440329,0.20282301496712318,0.06066856368128027,0.15933315113418967,0.08499590051926756,0.3506422519814157,0.19595517901065865,0.20907351735446844
Indinavir 1.0,80.57138964577656,83.66076294277929,0.7020158250033128,9.976653387716938,0.751989728081113,12.23851765772915,8.258688095885265,0.005600771629638102,31.71225172217173,0.9645540639690439,0.11608671898363573,0.18990356360527802,0.05937623550782721,0.16348773841961853,0.07465940054495913,0.3645776566757493,0.19128065395095367,0.20599455040871933
Indinavir 10.0,84.0709921443119,87.21210357870235,0.6818830859717921,10.199265968798148,0.7541195674639072,12.330575254780111,8.569796549570531,0.043109064917065835,32.33633771289355,0.9650338578917977,0.119081838094693,0.19836553766109286,0.06054670340641317,0.16758801280186209,0.08786732615653185,0.349432644748327,0.19581029967995345,0.19930171661332557
Indinavir 3.0,80.74123539232053,83.8183082915971,0.7056156169429316,9.99332881477708,0.7482718666847019,12.275912278074138,8.263669996911332,-0.04778851363452707,31.78931729364944,0.9646594128285596,0.11644843720667407,0.19532008685499758,0.058830349056706664,0.15052865887590428,0.09209794101279911,0.3503060656649972,0.18336115748469672,0.22370617696160267
Indomethacin 0.003,80.59281437125749,83.6965160587915,0.7070746726966859,9.987585038245882,0.7495273604859444,12.3116628458284,8.23201985924355,0.04612198646738477,31.784920095693156,0.9646240378698939,0.11914929504021389,0.19545294437862148,0.06034321730869827,0.14643440391943385,0.07675557974959173,0.34540010887316275,0.21747414262384324,0.21393576483396842
Indomethacin 0.01,81.78343759308906,84.88054810843015,0.7034709690937779,10.05499446193876,0.7498664770414435,12.368309004536329,8.31315685249339,-0.009573540253608891,32.027222265658416,0.9644227656119553,0.11633773609579401,0.19548791813418695,0.05842839369885597,0.15638963360142985,0.08132260947274352,0.3675901102174561,0.18856121537086684,0.20613643133750373
Indomethacin 0.03,79.98962598962599,83.12721812721813,0.6989338222772893,9.933126890528706,0.7473904788007173,12.182530089809742,8.235869055516009,0.057365011831858874,31.599127906829843,0.9636533579347334,0.12178147415212873,0.20907913260854405,0.0603269044445514,0.14823914823914824,0.07917007917007916,0.3450723450723451,0.20256620256620256,0.22495222495222494
Indomethacin 0.1,80.35477013021526,83.49561520063779,0.7070247666862041,9.984465445094646,0.7478573305051711,12.298396836405242,8.24065219434152,0.059969112339923886,31.802654722196955,0.9635425277179599,0.11982210357301318,0.19672664175954646,0.06079186923241257,0.161041722030295,0.09726282221631677,0.34839224023385595,0.1916024448578262,0.20170077066170608
Indomethacin 0.3,82.77638584403383,85.97431882242405,0.6989091950843206,10.122022640050623,0.7509243318797033,12.38305319340928,8.406304885160417,0.0031291018298521076,32.2044894644349,0.9642749809841268,0.11487709159089948,0.196049569216975,0.05692353985126787,0.16191669276542436,0.07860945818979016,0.3579705606013154,0.18916379580331977,0.21233949264015034
Indomethacin 1.0,81.67375886524823,84.81737588652483,0.6955543794221392,10.04429028978589,0.7497800160378063,12.259899315460343,8.360614507027318,0.020208452132261377,31.936241768215,0.9640944815410758,0.12160240937724388,0.21178411671997346,0.06017533490937746,0.15395981087470448,0.0865839243498818,0.35815602836879434,0.19060283687943264,0.21069739952718677
Indomethacin 10.0,85.17771794008752,88.45843150454392,0.7053608790639841,10.242951804188001,0.7485563378400037,12.59201006232499,8.470176974293205,-0.07440740354425233,32.67748890310373,0.9639056492651955,0.11850835563398102,0.2006903333531322,0.05992436691943698,0.16189835072366207,0.09289801413665433,0.3608212722988893,0.17603500504880512,0.20834735779198923
Indomethacin 3.0,81.98466165413534,85.06736842105263,0.7014378557099133,10.068254899213029,0.7495649405176477,12.3443443849442,8.34086574047423,-0.008116071364513155,32.02747141931859,0.964574745504552,0.11627718668632096,0.19613976116762372,0.058202565236620984,0.16691729323308271,0.09022556390977443,0.3566917293233083,0.1786466165413534,0.2075187969924812
Irradiated,79.31544279092462,82.32593315442791,0.7457593955623535,9.939924216944096,0.7453926846975722,12.589804675212038,7.964926948255102,-0.012117809046193166,31.8526202398546,0.9642710497010888,0.11157018843869056,0.16675420595171397,0.060986897808647654,0.1417418882654306,0.09929251036838253,0.32495730666016104,0.20565991705293973,0.22834837765308613
Lopinavir 0.003,80.24049185015728,83.17357735201601,0.7087575619308731,9.97954634416388,0.7531048334749127,12.294225968623985,8.218938058706392,-0.0053092033844437695,31.709543267480875,0.9661361280464147,0.11362984991154623,0.18651869669800983,0.05712683700875261,0.1589934229339434,0.08235630540463254,0.34057763797540747,0.18901915927938231,0.22905347440663426
Lopinavir 0.01,80.69967965830219,83.81313400961025,0.7029384520902651,10.004750095934384,0.7489241176293882,12.296884463659032,8.277039288067629,-0.0653770692361642,31.86063910252004,0.9643662735322254,0.11473857028462854,0.18822508715178493,0.059060645080242655,0.1623064602242392,0.08996262680192205,0.3435664709022958,0.19247197010144154,0.21169247197010144
Lopinavir 0.03,83.38422315536893,86.374325134973,0.6998170042256209,10.167457908307346,0.7508774932508786,12.444840622980013,8.430967992287695,-0.05812338808310703,32.29829246517796,0.965877160928055,0.1119521099348964,0.18389557382641064,0.05739763811943494,0.16256748650269945,0.08398320335932813,0.36472705458908217,0.17516496700659867,0.21355728854229153
Lopinavir 0.1,82.993762993763,86.17523017523017,0.6923096710265714,10.11260557674888,0.7484473732698386,12.36090318670251,8.414606741680336,0.02016433064296364,32.201498750171815,0.9643374208831731,0.12079502314971696,0.21425048189754034,0.05885119120413237,0.16364716364716364,0.08702108702108702,0.33976833976833976,0.19750519750519752,0.21205821205821207
Lopinavir 0.3,83.46547085201794,86.53751868460388,0.6971247659089238,10.164108218399138,0.7504679892606554,12.441801774277947,8.432817423835036,0.0017606101751536,32.3176267395306,0.9655515953616651,0.1185850411526189,0.19655089539552686,0.06018113074826337,0.14409566517189837,0.08849028400597907,0.36412556053811657,0.19133034379671152,0.21195814648729447
Lopinavir 1.0,81.66685393258427,84.7620786516854,0.6995211557427705,10.049978469602776,0.7496788646494763,12.293216958095329,8.343318193749235,-0.044132067831775305,31.950041112658656,0.964594835042531,0.11821552143724114,0.1981515752368363,0.0595640559594623,0.1556179775280899,0.09241573033707866,0.3609550561797753,0.17303370786516853,0.21797752808988763
Lopinavir 10.0,84.96088913899831,87.82836240855374,0.6651693255816906,10.285765041838596,0.7640583908114734,12.197990028093384,8.768209561784413,-0.024158081388634796,32.357833227399354,0.9677963459224654,0.11174047062241389,0.17301576792787973,0.058658015823099006,0.17726505346088914,0.07597073719752391,0.37141249296567247,0.1795160382667417,0.19583567810917277
Lopinavir 3.0,81.24511357633386,84.36238774432118,0.6925591331444847,10.024775267312148,0.7515902991971882,12.208856445523846,8.361461898811951,0.018360829942941585,31.84121513817125,0.9639345057036192,0.1197256007896682,0.2018372642242304,0.06027650891312676,0.17432646592709986,0.0890121500264131,0.3594823032223983,0.1838351822503962,0.19334389857369255
Mock,80.97848911651728,84.07503201024328,0.7466851539500855,10.044147030322604,0.7422014741460615,12.757756299984841,8.027127759124479,0.056084783225504975,32.255840829459615,0.9638288963104027,0.10912519529238432,0.16245612713715454,0.06017172554040811,0.14494238156209988,0.09218950064020487,0.3393085787451985,0.1884763124199744,0.2350832266325224
Nicotianamine 0.003,82.02274768033523,85.12780604609398,0.702981708369007,10.073506973700804,0.7488713727332207,12.375515804224706,8.33165732830991,-0.009024330978866563,32.06656093839615,0.9645020360115919,0.11714599573291244,0.19749898762258558,0.05919003938001435,0.14785992217898833,0.08021550434001797,0.33732415444477704,0.20353187668362765,0.23106854235258906
Nicotianamine 0.01,80.34210526315789,83.46169590643275,0.6973280490380149,9.952666053279772,0.7504039294915513,12.187613435258287,8.267161958433137,-0.023221191856091707,31.65753776515851,0.9644002898101451,0.1170767264937784,0.1998139548216945,0.05821752092649949,0.15730994152046784,0.08450292397660819,0.35116959064327485,0.1915204678362573,0.21549707602339183
Nicotianamine 0.03,80.3382196162047,83.53917910447761,0.704646979176566,9.979319163331366,0.7440298697305903,12.279488812141064,8.255325077025788,-0.02131273953000353,31.80750353075207,0.9635320037662454,0.12098000358764316,0.20250768217734763,0.061325463021029265,0.17404051172707888,0.0964818763326226,0.345682302771855,0.15778251599147122,0.2260127931769723
Nicotianamine 0.1,82.15059523809524,85.3047619047619,0.6933614090809118,10.082056929278902,0.7529250731884461,12.292600219307724,8.401579682537918,-0.05848641038444762,32.04379241224053,0.9639950292313196,0.12069425710899133,0.2047088001867408,0.06014034780578908,0.16815476190476192,0.08988095238095238,0.36279761904761904,0.1773809523809524,0.2017857142857143
Nicotianamine 0.3,80.47147558968733,83.57158529895776,0.6987448676408583,9.976810075730064,0.7505274624420479,12.21759932698516,8.279910132731054,0.03629893056162487,31.717506238482418,0.9643761393493177,0.11810333555553447,0.1996606541684141,0.059258870854979315,0.16401535929786068,0.08008776741634668,0.35902358749314317,0.19281404278661546,0.204059243006034
Nicotianamine 1.0,82.64613050075873,85.68254931714719,0.6983551261813916,10.121389954296724,0.7525112557637866,12.368097499514333,8.41001612575359,0.03708645618601335,32.160323889936386,0.9653345257087775,0.11418905860602996,0.18936743134279507,0.05850099675682113,0.160546282245827,0.0795144157814871,0.35174506828528074,0.2094081942336874,0.19878603945371776
Nicotianamine 10.0,79.36319612590799,82.5620123755717,0.7118088776955478,9.881062937814912,0.7447374243843704,12.259268172980667,8.110387123327175,0.05529499785157621,31.568020602159635,0.9631178853669886,0.12306140768957793,0.20947369531616775,0.060915929460296385,0.14043583535108958,0.08071025020177562,0.3424804950228679,0.22087705138552596,0.21549636803874092
Nicotianamine 3.0,80.84803217466245,83.89629416834244,0.7107673942165114,10.022347044569589,0.746976322272219,12.374522332189667,8.243774924326482,-0.06452212507569878,31.930748617280457,0.9641510872492149,0.11467389823887472,0.19189240189037346,0.057927066258850524,0.1534041941970698,0.08876759551852915,0.34099396725079,0.18270611893134156,0.23412812410226946
No treatment,80.87901861252115,83.8663282571912,0.7007492072618895,10.016031109635264,0.7547399960865412,12.271438255562927,8.302735570849816,0.08527368696054292,31.821689969557227,0.9654166278298736,0.11844691867722959,0.18937880848898986,0.06136519469603961,0.15115623237450648,0.07868020304568528,0.3448956570783982,0.20614777213761987,0.21912013536379019
Pacritinib 0.003,81.35679480238224,84.51136978884678,0.704355703181462,10.037185394720648,0.7508841438374927,12.324676922610461,8.306731410501275,-0.01831014909009858,31.935906663735505,0.9643960858101498,0.11906151724587034,0.189236918373196,0.061596706901493666,0.15944775311315648,0.08825121819166215,0.3486735246345425,0.2005955603681646,0.2030319436924743
Pacritinib 0.01,80.57107162687396,83.66157690172126,0.7010581857863237,9.988967287443236,0.750378446034424,12.251353504964571,8.27818124312457,-0.04941411835496183,31.77624535111983,0.9641348721932054,0.11814673604247396,0.19822375368803666,0.059520037887448064,0.1682398667406996,0.08550805108273181,0.362576346474181,0.18739589117157135,0.1962798445308162
Pacritinib 0.03,81.34069830878342,84.51391162029459,0.6975095120917449,10.029020901481566,0.7520723933177128,12.281131832751868,8.329513152630142,-0.056648211051991096,31.91304605648154,0.9640179363984412,0.11766325142558906,0.19263021084047272,0.06014088122974234,0.18030551009274415,0.0867430441898527,0.3690671031096563,0.1696672122204037,0.19421713038734315
Pacritinib 0.1,80.67233661593554,83.63025962399284,0.6973514729414697,9.997848430449231,0.7518480077549575,12.198387645481745,8.314897504020756,0.008607360043210523,31.70532269074497,0.9654153281211564,0.11832856111377073,0.19031281268102473,0.05997887665958672,0.15368546702476873,0.0880334228588481,0.3548194568785437,0.20113398985377498,0.20232766338406447
Pacritinib 0.3,80.79852894147746,83.8135593220339,0.7016817275279861,10.007559060456718,0.7539137070143229,12.256882676100613,8.293801314616907,-0.049807983980663925,31.7784939645468,0.9650862887573599,0.11697108339890405,0.19466851019269182,0.057347454491870314,0.16693316277582348,0.08410617204988807,0.33290693955868245,0.20562839782539175,0.21042532779021425
Pacritinib 1.0,80.54926891290528,83.61093452002542,0.7041032136198389,9.988351970534547,0.7547543672558191,12.23831891470307,8.273395944319782,0.01739244317009461,31.722440373812177,0.9654180772541306,0.11949112021767981,0.18947496353913407,0.05981825660970053,0.17101080737444374,0.08137317228226319,0.34075015893197713,0.18404322949777496,0.222822631913541
Pacritinib 10.0,69.29977628635346,73.28187919463087,0.6494582761546622,9.071152678308152,0.7382404266497141,10.955333457792342,7.767183558840793,0.09047447965805444,29.014173436808186,0.9521899660402824,0.09909881006017213,0.2107097425099794,0.03548054568583563,0.23042505592841164,0.06263982102908278,0.33109619686800895,0.2214765100671141,0.15436241610738255
Pacritinib 3.0,84.16903914590748,86.80782918149467,0.681232230734305,10.245585602569326,0.7663628965674602,12.260292680301143,8.644411240639386,-0.0022558880247551196,32.196923118659875,0.9697943907955955,0.09745879592710294,0.14747109994650312,0.049260344707277984,0.16073546856465007,0.08244365361803084,0.34341637010676157,0.1933570581257414,0.22004744958481615
Penciclovir 0.003,80.48137776533184,83.47829739568748,0.7011815351834766,10.000446651323841,0.752628592578098,12.26906541144639,8.282155318831887,0.044896574274705135,31.753068662604598,0.9652220358239134,0.11461036883060487,0.18736801357339275,0.05840979348894442,0.15345841500980117,0.08541024922990759,0.3508821058527023,0.20750490058807056,0.20274432931951833
Penciclovir 0.01,82.20151679306609,85.43661971830986,0.6959797740560693,10.073882341968261,0.7510542750477914,12.315349002776257,8.37854609941852,-0.036001563270534095,32.06913196403733,0.9638066314091868,0.11807451016084178,0.1962717481358742,0.06079307671064078,0.16874322860238353,0.08017334777898158,0.3531960996749729,0.18309859154929578,0.2147887323943662
Penciclovir 0.03,80.55523423944477,83.68276460381723,0.7076051085149275,9.99412024504686,0.743985348548672,12.338626376525683,8.232649031673793,-0.05179729308283141,31.861236029734798,0.9634894854397309,0.11680912735615086,0.20031214915115764,0.057267603397634544,0.14979757085020243,0.09803354540196646,0.35135916714864085,0.17322151532677849,0.2275882012724118
Penciclovir 0.1,81.44208763605917,84.55567959810215,0.6986498159885405,10.029438765413214,0.7530834887911392,12.282111984934383,8.322562157761428,-0.018396537454765435,31.89998145548747,0.9645924938576143,0.11931738382683658,0.2024355206777092,0.059401148123218006,0.16634105498185878,0.07954228300307005,0.35249790678202625,0.1855986603404968,0.21602009489254814
Penciclovir 0.3,81.730119146578,84.78221113881962,0.6945015025725572,10.061197537996497,0.7525029549753597,12.285113207539393,8.369352547366459,0.009056148597096424,31.96229091284555,0.9649657064932674,0.11797754300749258,0.19670295937715515,0.05940078996408785,0.1662510390689942,0.0889443059019119,0.34995843724023273,0.18980326960376837,0.20504294818509283
Penciclovir 1.0,82.96140035906643,86.36475164572113,0.6951482052741109,10.10167649291399,0.7462917822583757,12.395307776550931,8.395173999704568,0.029820057527516697,32.261624087174496,0.9631149839254356,0.12461550565566941,0.21989767780241895,0.06116391499747735,0.15200478755236385,0.0843806104129264,0.3575703171753441,0.20556552962298025,0.2004787552363854
Penciclovir 10.0,81.91025991792065,84.9827633378933,0.6955200928220512,10.064787653760606,0.7532553252760981,12.280037795594849,8.374326222565593,-0.05133916768809235,31.972188970922556,0.9647182012899943,0.11640245261223654,0.19376626163461247,0.0592736246345325,0.1381668946648427,0.07906976744186046,0.3636114911080711,0.2103967168262654,0.20875512995896034
Penciclovir 3.0,82.1370131689549,85.17820117680023,0.7014381089927298,10.092656552252134,0.7512534473824021,12.348985163374453,8.372299102971242,-0.0029253231017031863,32.075961564176474,0.9650930376702683,0.11520132555823943,0.1855611227399329,0.05845543597096999,0.16503222191089942,0.09554497057999439,0.3493975903614458,0.17203698514990193,0.21798823199775846
Polydatin 0.003,83.91326841144249,87.04777845404747,0.7079683226144423,10.1971456418789,0.7505547368287275,12.555587922596217,8.413382564262971,-0.056454010055168584,32.488505394047976,0.964644111918295,0.11378027522170732,0.18695982958003599,0.05697910326638261,0.16433353621424224,0.08855751673767498,0.3633597078514912,0.17954960438222764,0.20419963481436396
Polydatin 0.01,82.30734075978292,85.34618680377035,0.7011592030481469,10.092154892303034,0.7519550021442313,12.369212795785822,8.363011732076242,0.004798845831823761,32.089849026329325,0.9654113408518098,0.11767143064267659,0.1933293568784261,0.05914724644499322,0.15395601256783775,0.07597829191659526,0.3587546415309911,0.20536989431590974,0.2059411596686661
Polydatin 0.03,82.68283687943263,86.05872340425532,0.6989649751065437,10.095162391571991,0.7449798632095246,12.442069235265162,8.355720241713344,-0.0897350759324744,32.29839886330871,0.9623688853420823,0.11600309468040819,0.19389403420942766,0.05894089834515358,0.16397163120567376,0.08907801418439716,0.37106382978723407,0.1721985815602837,0.20368794326241135
Polydatin 0.1,83.99150409062304,87.18753933291379,0.6997397361336208,10.19558751948342,0.7515026166149491,12.506857321446626,8.446676088924686,0.007917928009263126,32.495060867945114,0.9646186310753944,0.11675427462324035,0.19730006540060918,0.058291686718740604,0.18628067967275017,0.08558842039018251,0.35494021397105097,0.1762114537444934,0.19697923222152297
Polydatin 0.3,80.75828460038986,83.95433027011974,0.6962911573145301,9.99408966385305,0.7507466937988944,12.232784617996325,8.304529345599772,0.03310087680382153,31.809880341964135,0.9634858545157798,0.1227240711872837,0.20990166046925512,0.0605156682556064,0.16485658590921748,0.07685881370091896,0.36006683375104426,0.19632414369256473,0.20189362294625451
Polydatin 1.0,79.98477564102564,83.00747863247864,0.697076582061795,9.953062460878172,0.7504669498833865,12.161514515895455,8.274996372805063,0.013039552744199946,31.612120557452734,0.96464238597894,0.12003660680285348,0.20198094729344596,0.05994872842299298,0.16319444444444445,0.08840811965811966,0.3528311965811966,0.17147435897435898,0.22409188034188035
Polydatin 10.0,81.56862745098039,84.70299884659747,0.709501248300494,10.053498482703494,0.7519975550148377,12.40164542681623,8.285795964178751,0.10065665841966286,31.996738498265287,0.964785262508402,0.11826490520698267,0.1916822149851857,0.05988109776782653,0.15282583621683968,0.0790080738177624,0.34832756632064593,0.20847750865051903,0.211361014994233
Polydatin 3.0,81.1457227138643,84.34955752212389,0.7016348251604948,9.99827808438226,0.7469796357126677,12.276669756182873,8.28191240363564,0.01208484083584601,31.859665334583102,0.963234351591241,0.12131304278904322,0.2117670194921616,0.05968592746833246,0.17315634218289086,0.08967551622418879,0.3513274336283186,0.1887905604719764,0.19705014749262537
Quinine 0.003,81.00635008282717,84.08890115958035,0.6971525044891286,10.01566059059288,0.7492146079699452,12.246688176251883,8.322604348626761,0.007091227943276643,31.812302245677127,0.9643152062336766,0.11718974866274853,0.18981334112883114,0.06070798280659594,0.157923799006074,0.08448371065709552,0.3434566537824406,0.19823302043070126,0.21590281612368856
Quinine 0.01,83.86111111111111,86.97385620915033,0.6982169977218093,10.181778855214375,0.7520687444128,12.454722154120075,8.454831833939103,0.09103790733160293,32.401507386865596,0.9652074354287367,0.11624376488349983,0.19488850442137606,0.05789760348583878,0.1522875816993464,0.07352941176470588,0.35294117647058826,0.20751633986928106,0.21372549019607842
Quinine 0.03,81.04233409610984,84.10640732265446,0.6978753874142521,10.01154321244805,0.751880133078853,12.239600770720019,8.317658399354446,-0.011534250927647352,31.812513736378943,0.9645600802015951,0.11698099946637462,0.19574555794858003,0.058578431372549165,0.16876430205949658,0.09725400457665904,0.3504004576659039,0.18392448512585813,0.19965675057208238
Quinine 0.1,83.37039204212991,86.51960210649503,0.6993315166473467,10.167653619933189,0.7506862201711081,12.452223052995947,8.43334433382296,-0.06305570684304859,32.35756647163532,0.964224413096189,0.11626609940043507,0.18903440838008612,0.0598340389403273,0.16647162083089526,0.09976594499707431,0.3504973668812171,0.1734932709186659,0.20977179637214746
Quinine 0.3,81.51817149346962,84.54514480408858,0.6896301224440075,10.048318962594472,0.7524304100507918,12.230758959860143,8.388581654912887,-0.04529740446539243,31.90767788993312,0.9648802326153145,0.11957175094856952,0.2043338232510488,0.05954448786896961,0.16751845542305507,0.08773424190800681,0.3676888131743328,0.17064168086314593,0.2064168086314594
Quinine 1.0,82.97771345875543,86.14269175108538,0.7025715722000102,10.13369441931127,0.751125957137717,12.40456649639839,8.404961571169112,-0.0318043708266158,32.22503011479314,0.9647531291511877,0.1159828654715546,0.18860389886779522,0.05892993955903617,0.16324167872648335,0.09898697539797395,0.3589001447178003,0.1727930535455861,0.2060781476121563
Quinine 10.0,84.80301047120419,87.69011780104712,0.7286746107798525,10.299860385332199,0.753906991548853,12.828823530383312,8.3725020962866,0.0443388619843626,32.83634109376879,0.9672067903298934,0.1026086654509506,0.15783928754748008,0.05168970074940948,0.1531413612565445,0.09522251308900524,0.32918848167539266,0.1943717277486911,0.2280759162303665
Quinine 3.0,81.48720161058384,84.51883807880357,0.6978461134649302,10.059531386622819,0.7512727666405151,12.257140815912559,8.369031272865467,-0.04239528497080346,31.906629020504774,0.9648864135491105,0.11862876007080043,0.18696955342389884,0.06123179211287632,0.14926660914581535,0.09605982168536094,0.3436870865688812,0.18636755823986195,0.22461892436008052
Quinine hydrochloride 0.003,80.8233680746023,83.8464070213933,0.6917536172834958,10.006498293156033,0.7526087465624997,12.18661668543688,8.340024876814919,-0.06015402797228225,31.748458738137504,0.9648574016424267,0.11532355169259519,0.18617044733417204,0.0597073881664573,0.1741634668129457,0.09434997257268239,0.3483269336258914,0.1870543060888645,0.19610532089961602
Quinine hydrochloride 0.01,82.46519370460048,85.556598062954,0.6951510597817017,10.089798627074732,0.7514876093942617,12.328554547451958,8.392201620267565,-0.0364672436295841,32.07343329371073,0.964705970430779,0.11674044823911321,0.19657901296111635,0.058051144186488095,0.16707021791767554,0.08504842615012106,0.36713075060532685,0.18523002421307505,0.19552058111380144
Quinine hydrochloride 0.03,81.06280056577086,84.15586987270156,0.7050888876432865,10.002620729074417,0.7482041713554334,12.31297396143475,8.257636255683156,-0.06338343880014799,31.854256855788297,0.9643627857011853,0.12159350528426592,0.20395484926643867,0.059883517763540985,0.171994342291372,0.09929278642149929,0.35275813295615277,0.173974540311174,0.201980198019802
Quinine hydrochloride 0.1,81.82484076433121,84.94122756224667,0.693478274639798,10.047208029159068,0.7511855370188009,12.249926625463877,8.373923871711753,0.0319082656026904,31.932350859750738,0.964458147493354,0.11935774002536824,0.20162641779352092,0.05998927075172865,0.15518239722061378,0.08627678054429647,0.3630573248407643,0.19166184134337,0.20382165605095542
Quinine hydrochloride 0.3,82.2309742374889,85.30085875037015,0.6941961826392946,10.085293284161947,0.7537822649298059,12.307694888480627,8.395279150533202,-0.045230532602614115,32.05501606695581,0.9651372164092301,0.11638539558708155,0.1919484169148853,0.058467023172905634,0.17441516138584542,0.08705952028427598,0.3553449807521469,0.18625999407758365,0.19692034350014806
Quinine hydrochloride 1.0,81.38479329285921,84.46949985544956,0.6974134433201968,10.030743565599503,0.7501983265099489,12.253033830243725,8.340661978486224,0.08185653379779406,31.867562944023888,0.9642715614996488,0.11662735930627824,0.1981239619293796,0.05789103730535312,0.1566926857473258,0.08008094825093957,0.34952298352124894,0.2101763515466898,0.2035270309337959
Quinine hydrochloride 10.0,81.17010652463382,83.95639147802929,0.6811233824047565,10.052158017064555,0.7630118031125428,12.07336537207435,8.469827348064923,-0.03921499734383719,31.672791550427355,0.9675891178328505,0.11717480024673901,0.18496840813555712,0.059010534972977056,0.16577896138482023,0.09786950732356857,0.3478695073235686,0.19274300932090546,0.19573901464713714
Quinine hydrochloride 3.0,81.88783100267777,85.05534067241892,0.6809379882445261,10.034731815570069,0.7534598064466027,12.125882999200881,8.438770891558821,-0.010450294049932458,31.801080268071725,0.9646311250875912,0.12129064374481671,0.1998308159919723,0.06142458768690474,0.17108003570365962,0.08687890508777149,0.35733412674799164,0.19428741445998216,0.19041951800059506
Remdesivir (GS-5734) 0.003,82.27875072971395,85.36252189141857,0.6956568779179187,10.075099696809104,0.7543516149745257,12.30645409457739,8.381257967211909,0.021458240311228047,32.020159534778514,0.9648670016008732,0.11826904058303492,0.20535638657097363,0.057830259949864335,0.15499124343257442,0.0796847635726795,0.35376532399299476,0.19527145359019266,0.21628721541155868
Remdesivir (GS-5734) 0.01,80.92231130771357,84.00635886093447,0.7034308559908657,10.009687554598989,0.7492358809679178,12.291710475964251,8.283093891265475,-0.0003058813705103571,31.85019536682376,0.9641054949949718,0.11777226011555672,0.20002954457978786,0.05934828451701391,0.1515067735692563,0.08902405308266519,0.3458667403925905,0.19878352225601328,0.2148189106994747
Remdesivir (GS-5734) 0.03,81.51901944209636,84.71794871794872,0.7024345691681914,10.04309810712292,0.7469156491639366,12.346691055972247,8.308120813668983,0.08258301322571476,32.002664430811606,0.963593987910517,0.12081426877159554,0.20482682224763543,0.06038707396173464,0.15328261482107636,0.07945900253592561,0.34629473091011553,0.20259227951535644,0.21837137221752606
Remdesivir (GS-5734) 0.1,81.04518990851123,84.07125034654838,0.7065901682099711,10.034608681100623,0.7493290313113562,12.33643144522142,8.286029066298426,0.044188656260905984,31.908481205028547,0.9648350320672805,0.11409956417719631,0.18353772892578127,0.058939589143115055,0.1494316606598281,0.09758802328805101,0.3412808428056557,0.1962850013861935,0.21541447186027168
Remdesivir (GS-5734) 0.3,81.88870431893687,85.0063676633444,0.7027335311723887,10.060406591832566,0.7495734977578834,12.351589410720308,8.329795548761332,0.03925737128603522,32.03504403213162,0.9644782915048593,0.11722552485266292,0.19576547673332817,0.059398953379801576,0.16085271317829458,0.08222591362126246,0.358250276854928,0.19102990033222592,0.20764119601328904
Remdesivir (GS-5734) 1.0,82.86739557050743,85.99915895710681,0.7059672268411092,10.13300209228115,0.7492210285958014,12.462115138326178,8.37000491890242,0.014493948899607482,32.285237442968736,0.964701754873267,0.11656800945020925,0.19313698005134172,0.05903433983629878,0.17605831230726102,0.08943089430894309,0.34146341463414637,0.17830109335576114,0.21474628539388843
Remdesivir (GS-5734) 10.0,82.3763501989767,85.4681637293917,0.7058151086176665,10.114082948295176,0.7486705392799252,12.452018496697514,8.349107508170269,0.05086438003090791,32.232869137805295,0.9647809341413184,0.11508631203649652,0.1881466742467309,0.05848604933730176,0.16230812961910177,0.08641273450824331,0.34621944286526435,0.20722001137009666,0.19783968163729393
Remdesivir (GS-5734) 3.0,85.01802051566399,88.15192680898254,0.7137393912075332,10.269076958445272,0.7510332404429919,12.686221718578986,8.43821671842418,0.026345770477529125,32.76101899892764,0.9652233518386074,0.11440993197153458,0.18035002745206657,0.05885641753235811,0.1705018020515664,0.0787357915164957,0.34571666204602164,0.18990851122816746,0.21513723315774883
Ribavirin 0.003,82.46287809349221,85.56003666361137,0.7009829382594378,10.111940565743827,0.7506567710281777,12.389436025900508,8.379075484009087,0.037661835655058706,32.16420681071905,0.9646395937485717,0.11652813169470275,0.18968296759583728,0.05937977390772987,0.16101435991445157,0.08340971585701192,0.3486098380690498,0.19217842957531317,0.21478765658417354
Ribavirin 0.01,80.7998836532868,83.85485747527632,0.7021473875163656,10.016358039146354,0.7496833087330712,12.292455845408865,8.29106575884142,-0.07053190564204975,31.858388518325757,0.9643234792673198,0.11656855315563562,0.1980814198861621,0.05748354606531362,0.17888307155322863,0.0924956369982548,0.341477603257708,0.1762652705061082,0.21087841768470042
Ribavirin 0.03,80.00437277944793,83.1166985515168,0.7027621804107892,9.952958357170655,0.746744483904252,12.22274858147935,8.23575281802842,0.041196548563926655,31.676610895630176,0.9638229435853345,0.11947264362227616,0.2000324207299744,0.06062488947478433,0.15031429352282044,0.08280951079529926,0.3520087455588959,0.19322219185569828,0.22164525826728615
Ribavirin 0.1,83.06521739130434,86.23822463768116,0.6968851276441987,10.124525639554653,0.7503931129767732,12.400339138980662,8.406370975902224,-0.07726684507873378,32.256493944883815,0.9646797779092184,0.12018161289595002,0.21235702614379057,0.058459434498437,0.16696859903381642,0.08001207729468598,0.3620169082125604,0.17542270531400966,0.21557971014492755
Ribavirin 0.3,81.64865629420085,84.83055162659123,0.6956559564849736,10.037274164406249,0.7500835405648087,12.277717268615937,8.341579780858948,-0.013286446817066571,31.943782481832205,0.9637775801949908,0.12197032656313371,0.20972598940566226,0.06093463127825387,0.15954738330975954,0.08033946251768034,0.3632248939179632,0.18444130127298444,0.21244695898161245
Ribavirin 1.0,81.78221467006514,84.88218634947607,0.7071224364036979,10.070257037033299,0.748970091998672,12.407220397625924,8.305631787781644,0.1006896461960892,32.08117315426885,0.9645452514506727,0.11761383239286971,0.19757858963466338,0.05905231534698249,0.14386859246672332,0.08212970829793259,0.346077598414047,0.21013877088643443,0.21778532993486263
Ribavirin 10.0,83.16402748730206,86.40005975500448,0.682491749959009,10.121175509744155,0.7530485175704467,12.261998870396482,8.499695554991654,-0.06685109718269057,32.1649151276525,0.9639483198709189,0.1212978271654477,0.20689525885047708,0.060125837009437716,0.16552136241410217,0.09112638183447863,0.3627128772034658,0.18225276366895726,0.19838661487899611
Ribavirin 3.0,82.52208248025738,85.64726528224627,0.6980208356124598,10.10079075744299,0.7485203063919553,12.33617518059468,8.399315512964414,-0.009666281382521145,32.1201315286703,0.9645470010050242,0.11765787689409787,0.2022512602584166,0.05800256926403205,0.14624159110851126,0.08599005557180463,0.34922491956712487,0.20327581164083064,0.21526762211172856
Ritonavir 0.003,80.68540268456375,83.76342281879195,0.7056003283563501,9.988900196590137,0.7496305354171694,12.301483549224216,8.241840158837945,-0.05120795914530607,31.80727441738874,0.9645023512394533,0.11755776166331695,0.19566719305171665,0.059342512172654356,0.17253914988814317,0.09619686800894854,0.3523489932885906,0.1842841163310962,0.19463087248322147
Ritonavir 0.01,82.06756369882622,85.23446893787575,0.7064523162145722,10.08009810413374,0.7474256818699432,12.415218435015737,8.322232639059633,0.04534005461149398,32.13820824657469,0.9638498246116909,0.11812504901997044,0.19518111853959938,0.06003267038278248,0.16261093615803035,0.09275694245634125,0.348411107930146,0.19782421986830803,0.19839679358717435
Ritonavir 0.03,82.26203353163872,85.45781503515414,0.698831559814687,10.08751813589783,0.7475831923055113,12.352872635605868,8.374089663585863,-0.02475057182510794,32.12086566271361,0.9642197988127938,0.11958850801189781,0.1996359982608491,0.060722011898323366,0.1584640346133045,0.09113034072471607,0.3493780421849648,0.18739859383450513,0.21362898864250945
Ritonavir 0.1,79.70755721128259,82.8169238956892,0.699052940385579,9.926016906089318,0.7469247961868741,12.16287956554825,8.239046754441063,-0.04353851166683902,31.577532807770755,0.9638625614662399,0.12131640681532428,0.20865500005217466,0.06062387168811112,0.16684406599254922,0.09393294305481639,0.3475252794039383,0.17748802554550291,0.21420968600319318
Ritonavir 0.3,83.33900881726969,86.51748251748252,0.6936333449681943,10.148018447927852,0.7491765675023523,12.38927216711518,8.449892760044335,-0.05396972862369552,32.294801248964355,0.9647554128557776,0.11840745966614082,0.20149726658678105,0.05936603890568094,0.15506232897537245,0.09303739738522347,0.3438735177865613,0.185162663423533,0.22286409242930982
Ritonavir 1.0,82.18769944879605,85.24920220481579,0.7026069299338572,10.094449537387217,0.7489973076608084,12.40722069973028,8.345861492116333,-0.0013289369914649988,32.148651243435864,0.9647994880245884,0.1169427731441601,0.19914617428056175,0.0582984920106713,0.14998549463301422,0.08645198723527706,0.3727879315346678,0.17203365245140703,0.2187409341456339
Ritonavir 10.0,83.66935483870968,86.73790322580645,0.6781762125814425,10.175461016699124,0.7560770490521784,12.232731688659822,8.581819940222108,-0.019748452160761116,32.17651316867893,0.9654645474638083,0.11873674309619622,0.19866777356103685,0.059921387910002656,0.1814516129032258,0.09043778801843318,0.3548387096774194,0.17367511520737328,0.19959677419354838
Ritonavir 3.0,81.45426224865477,84.55281789861229,0.6971564844296888,10.030912885597655,0.7521865377577537,12.267649249476705,8.336623837528846,-0.09219251907961877,31.887323728388978,0.9643839727801453,0.11786319675883164,0.19816415946157528,0.05940299087632777,0.1719059756442934,0.08439535542339281,0.3659020107618238,0.17332200509770604,0.20447465307278392
Tenofovir Disoproxil Fumarate 0.003,81.7511961722488,84.90289895862651,0.7025148621074454,10.05279764031909,0.7491713503801404,12.335616783613053,8.324005696861423,0.031953283976331674,32.01226821442679,0.9641133492892748,0.11881149111449156,0.19505057863280287,0.060952081367306114,0.14832535885167464,0.08359133126934984,0.3450605122431748,0.203771460737405,0.2192513368983957
Tenofovir Disoproxil Fumarate 0.01,81.9647261256094,85.07226842558073,0.701247578751441,10.074486635472429,0.7520227928124655,12.343103332219574,8.350818530997827,0.052310636480162036,32.04746588313603,0.9646547397540733,0.11437426832177539,0.18282022301320822,0.0592998082513764,0.15199311729280185,0.0802982506452538,0.3541726412388873,0.20619443647834815,0.2073415543447089
Tenofovir Disoproxil Fumarate 0.03,81.46460296096905,84.66029609690445,0.7063337269885238,10.047185115356084,0.7478464986926209,12.368392927371573,8.297021087715537,-0.07192685634870506,32.01964698948191,0.9637462609339891,0.11827246861102783,0.2000013195049212,0.05898371730926571,0.16823687752355315,0.09421265141318977,0.35908479138627186,0.17146702557200538,0.2069986541049798
Tenofovir Disoproxil Fumarate 0.1,79.53033017660609,82.59662144868186,0.704408082359011,9.930120257892877,0.7498069060834942,12.198295460241745,8.214875793199694,-0.006145022154731649,31.584638857897083,0.9641904245606743,0.12148758516453072,0.19794009746207056,0.062063566148241024,0.15613002303557716,0.08139237266444843,0.3422062963910929,0.21039160481187613,0.20987970309700538
Tenofovir Disoproxil Fumarate 0.3,80.71016561964592,83.62792689891491,0.7013932852670769,9.999471469713592,0.7503442805944541,12.263163563174995,8.277464293735719,0.09837540348347802,31.761117180301536,0.9658976185836219,0.11957223060226703,0.19898293412167717,0.05995845511248506,0.13392347230154197,0.0739577384351799,0.34665905197030267,0.22558537978298115,0.2198743575099943
Tenofovir Disoproxil Fumarate 1.0,80.8377758670106,83.92232731441673,0.7056607126636124,10.010219867271585,0.7492946015729163,12.301141382657734,8.27088438813394,-0.045605481024953716,31.847561178416075,0.9640404633108159,0.120986094966151,0.20131028048938035,0.06155957940642581,0.1527658354829464,0.07939237603897965,0.3479507022069361,0.19604471195184867,0.2238463743192892
Tenofovir Disoproxil Fumarate 10.0,80.39713299707991,83.53650119458455,0.7080971866027268,9.979882955321862,0.751035789297432,12.307079955179278,8.230995063160785,-0.03966358589243396,31.803242099399224,0.963994519601514,0.11993764671510963,0.19612814066428175,0.06078040985441151,0.17414388107247147,0.09264666843642155,0.35120785771170693,0.177860366339262,0.20414122644013805
Tenofovir Disoproxil Fumarate 3.0,82.89579468150897,86.02813852813853,0.6977323284448438,10.142291438589801,0.7501051668150621,12.408233678983192,8.422204827352687,0.02995802800504461,32.27557177121878,0.9642890037994478,0.11753760746780527,0.19697727575878815,0.05907817672523569,0.1614100185528757,0.08379715522572666,0.3466295609152752,0.20160791589363017,0.20655534941249226
Thymoquinone 0.003,79.19020763906691,82.29530889515509,0.6927304585100901,9.887042099111467,0.7503491173345773,12.056384120216274,8.241754485899795,0.018211898308027455,31.395684608062812,0.9636006692734632,0.1242266673357837,0.2075493463214551,0.06230579388894757,0.17482696744424506,0.0851063829787234,0.34119456549602667,0.19200205075621635,0.2068700333247885
Thymoquinone 0.01,81.78280934525526,84.82203634265936,0.7047942227586329,10.075755558845165,0.7501512971176767,12.372340228068694,8.330893006470477,-0.007522483507563387,32.04820794545148,0.9648212235021872,0.11680844413844811,0.19209267208469757,0.05869345142152628,0.15517738678973175,0.08941447937698298,0.34929333717911737,0.1972887222382463,0.20882607441592155
Thymoquinone 0.03,82.85984066096194,86.07848922986132,0.6966130104783885,10.103326162755412,0.7517011830072813,12.343247936821975,8.404475501471957,-0.037333992274255746,32.15418846410453,0.9643018512973657,0.11928830356141569,0.20193040922476918,0.059770942900618476,0.16730598996754203,0.09412806137503689,0.35556211271761584,0.17143700206550605,0.2115668338742992
Thymoquinone 0.1,81.84481280365819,84.94855673049443,0.6978465988683592,10.065781598324412,0.7526064465586633,12.291197447367965,8.36881433107123,-0.03062196576377158,31.991272307135585,0.9642212699302533,0.118989472272502,0.19861725198796193,0.059579487696765014,0.15918833952557873,0.08545298656759075,0.3466704772792226,0.18805372963703915,0.22063446699056874
Thymoquinone 0.3,82.74193548387096,85.93548387096774,0.6997074339389958,10.112428217055614,0.7505954499693424,12.385547417509676,8.391676844656823,0.03300074362878456,32.20218614110662,0.964302402470303,0.11561915262491626,0.19092961557382793,0.05958049289010687,0.15890083632019117,0.08542413381123058,0.3482676224611708,0.19145758661887693,0.21594982078853048
Thymoquinone 1.0,81.09422411498537,84.12163960606867,0.6976734092740785,10.03629363050184,0.7517090605908735,12.26809045598693,8.336299632268783,-0.08319265311193881,31.870785721724452,0.9650520989366743,0.11593794940557615,0.18731909585766585,0.0597000631500939,0.17061485227575193,0.09023156774021826,0.33005057226510515,0.19669949427734895,0.21240351344157574
Thymoquinone 10.0,59.0375,63.6,0.6219934532916934,8.314478046808416,0.7462320097032533,10.064380645776222,7.211342056678172,0.09952651235890801,26.536640046224232,0.9483411085959765,0.13940935023010378,0.3204534313725492,0.0293627450980397,0.2375,0.0375,0.35,0.2625,0.1125
Thymoquinone 3.0,94.83936940775457,98.4039198977418,0.680936840939918,10.786289458516148,0.7543735613831426,13.095335650828956,9.04096902425804,0.05475961147304046,34.46357627458775,0.9648183199235436,0.11183967692913353,0.19664151983759023,0.05392658128440963,0.17596932253941203,0.07584149978696209,0.3689816787388155,0.18236046016190882,0.19684703877290158
methylprednisolone-sodium-succinate 0.003,81.59510632100204,84.72036120011651,0.7086995441931824,10.045894284459724,0.7470141991340815,12.402414242006515,8.268330625805485,-0.022214445411364234,32.02500476227076,0.9642915075753506,0.11884617705983583,0.20136678032704358,0.05939354477590618,0.15787940576755025,0.08330905913195456,0.33877075444217886,0.21002039032915817,0.21002039032915817
methylprednisolone-sodium-succinate 0.01,80.51486291486292,83.6955266955267,0.6999974255155178,9.966458843331612,0.7476942092440839,12.219125710227274,8.266085009922056,0.0330424606118049,31.721432665053232,0.9628709035620124,0.12147652060508327,0.20978835978835872,0.059753275047392765,0.1694083694083694,0.08542568542568543,0.3538239538239538,0.19134199134199134,0.2
methylprednisolone-sodium-succinate 0.03,78.74791086350974,81.7774373259053,0.7028455654158104,9.880398411820076,0.7532306416526179,12.150958266666814,8.16696503586145,-0.014777434946204841,31.41805321589751,0.9641145330062916,0.1197264459116246,0.19675432847233526,0.06093096291441372,0.1565459610027855,0.08635097493036212,0.36128133704735377,0.19498607242339833,0.20083565459610028
methylprednisolone-sodium-succinate 0.1,81.0909090909091,84.20489296636086,0.7038098492113745,10.03036036109689,0.7517887862319805,12.32416776542686,8.294237175488155,-0.04373677420709373,31.934368378193334,0.9647808802684101,0.11805574676797853,0.19026530823616544,0.06068782809203743,0.16263552960800667,0.08951904364748402,0.3628023352793995,0.1807061440088963,0.2043369474562135
methylprednisolone-sodium-succinate 0.3,80.7491515837104,84.00339366515837,0.7112481759396105,9.989887296250812,0.7490363820935492,12.363444230422761,8.211625636620093,-0.03541667242598675,31.900970426209497,0.9634573599965466,0.12047433879768357,0.20100922722029876,0.06128393665158386,0.1688348416289593,0.0873868778280543,0.36001131221719457,0.1832579185520362,0.20050904977375567
methylprednisolone-sodium-succinate 1.0,78.42266591676041,81.40635545556806,0.7147159670962867,9.852258703305548,0.7469321107765151,12.213189838299995,8.078342974684498,0.014195816175834168,31.401583924972822,0.96455280288519,0.11948200835820914,0.20409967136460772,0.05980033745781776,0.14735658042744657,0.08520809898762655,0.344206974128234,0.19628796400449944,0.22694038245219347
methylprednisolone-sodium-succinate 10.0,79.87915582538305,82.91962995085285,0.7030274528104313,9.937634470188321,0.752477852136043,12.198104610726915,8.225986736463957,0.020992816327996763,31.59093266345169,0.9645512772895377,0.11841598034144313,0.19476982466880846,0.06081775873113058,0.16276380456779416,0.07921364556230125,0.34923388262503613,0.191673894189072,0.21711477305579646
methylprednisolone-sodium-succinate 3.0,81.81895465994963,84.82965994962217,0.7059298440982691,10.077659686448976,0.7497458226036522,12.388362162760606,8.320203519910425,0.012538864066404658,32.0435694013581,0.9653591898325832,0.11674297409282279,0.19166388847730437,0.05960450931002102,0.1621536523929471,0.0878463476070529,0.3472921914357683,0.19269521410579346,0.21001259445843828
oseltamivir-carboxylate 0.003,84.11934283942963,87.29045257284562,0.6977830738681838,10.205692718493962,0.7523080106045262,12.483135869321718,8.477061451014183,-0.015850179352203814,32.47940781124689,0.9645974033509911,0.11481372355945355,0.19277530603065737,0.0579920498887715,0.1670799752014879,0.09268443893366397,0.34779913205207685,0.1912585244885307,0.20117792932424056
oseltamivir-carboxylate 0.01,81.07518166573504,84.11347121296814,0.698761611726606,10.022058581853907,0.7515473758052721,12.26010692785801,8.318206192020117,-0.05114538745785098,31.830295449597486,0.9647398750436561,0.11579075129417292,0.19560412762086296,0.05756885761571242,0.15707098937954164,0.09474566797093348,0.35494689770821686,0.17887087758524314,0.21436556735606485
oseltamivir-carboxylate 0.03,82.06990014265335,85.42168330955778,0.7064162635926249,10.06083164732984,0.7469761462890009,12.416834162448872,8.305235569039354,-0.004848230618252346,32.1257374246667,0.9637553079960463,0.11645107139806687,0.19297082599088086,0.05997650415373039,0.150641940085592,0.08958630527817403,0.36776034236804567,0.18887303851640513,0.20313837375178317
oseltamivir-carboxylate 0.1,80.25310764348056,83.37159481618619,0.7027971471839323,9.959220812435895,0.7482041729246452,12.2347267652813,8.241157097897904,0.019802597589614647,31.703184068244344,0.9638186387181816,0.11964068519803157,0.19786937784899622,0.061066685335863895,0.15339857180640043,0.08939434012166093,0.35493255752446445,0.193864057127744,0.20841047341973024
oseltamivir-carboxylate 0.3,83.43635809987819,86.73355663824604,0.6939622105583834,10.157496989111804,0.7496965415482381,12.398680765686857,8.465047039428216,0.02250246893963731,32.30742696728242,0.9643900121892184,0.11629186743948755,0.19149918798213522,0.05981825129564589,0.1686967113276492,0.091047503045067,0.3437880633373934,0.18361753958587088,0.21285018270401948
oseltamivir-carboxylate 1.0,81.69618366129994,84.76356589147287,0.7057767892844494,10.0544624436316,0.7497464976434418,12.367640541649225,8.300365445747572,-0.012581802970341168,32.00567802388368,0.9650001929273854,0.1165675521907959,0.1930758707776481,0.059398786348170814,0.1511627906976744,0.08735837805605247,0.3434704830053667,0.2003577817531306,0.21765056648777578
oseltamivir-carboxylate 10.0,83.80332681017613,87.03000652315721,0.6880223823560037,10.179128904604202,0.7523906527344929,12.374551840987952,8.510642856985125,0.033057542341505146,32.35795890328689,0.9642630038634843,0.11474420365151554,0.1892278372536226,0.05861376514075958,0.1761252446183953,0.0867579908675799,0.35975212002609264,0.18460534898891062,0.19275929549902152
oseltamivir-carboxylate 3.0,81.86971728359079,84.98338676770621,0.6965044248979628,10.058320924484457,0.7526358724406694,12.28539963807231,8.36288900327004,0.030008592259954184,31.9631578327328,0.964411776334792,0.1187279202788121,0.1965393385567572,0.060144244232231,0.15767997668318273,0.08539784319440397,0.3500437190323521,0.2019819294666278,0.2048965316234334
quinine-ethyl-carbonate 0.003,82.10329734461628,85.16399182958857,0.6990901477254023,10.076988844698421,0.7510493006964668,12.345474089288956,8.357294455055793,0.12628469261894126,32.0507971688129,0.9649137153945399,0.12122712932486078,0.203791402758943,0.061079833158825265,0.16399182958856143,0.07936971111759557,0.3379048730668223,0.2130142982200175,0.2057192880070032
quinine-ethyl-carbonate 0.01,81.29125667697498,84.42142254709024,0.7031693065270243,10.04786942814309,0.7514372227043651,12.344245885901653,8.310787036394446,0.08194541181539543,31.997525174830663,0.9644176123781043,0.11916194675622678,0.20042886988925387,0.05960188967349646,0.15687377003092493,0.07899915659263425,0.3505763283666011,0.19932527410739387,0.21422547090244587
quinine-ethyl-carbonate 0.03,81.08829393335232,84.17801196240387,0.7044351679948585,10.019735185793628,0.7457975540190488,12.318880116756016,8.279517742342243,-0.011690960291495191,31.900424640935434,0.9644199134974689,0.11961822537240122,0.20149194967078238,0.060076175158186376,0.14981486755909998,0.0968385075477072,0.36115066932497863,0.18513244090002848,0.2070635146681857
quinine-ethyl-carbonate 0.1,81.85964408725603,85.04133180252583,0.7035844700587066,10.065242078276746,0.7507043846601226,12.36527057188294,8.327434777810401,0.01068300720590341,32.0596434574463,0.9638061959613944,0.11840694784273555,0.1958122284505065,0.05970768330294248,0.18369690011481057,0.10304247990815155,0.33438576349024113,0.1621699196326062,0.2167049368541906
quinine-ethyl-carbonate 0.3,80.16437994722955,83.30184696569921,0.7054022613628143,9.96581487668773,0.7477933885067977,12.253951248487226,8.237049713309249,-0.043712111253222684,31.740572689003823,0.9637536935651256,0.11785643942936876,0.19288814734336876,0.061005225309120954,0.16965699208443272,0.0970976253298153,0.333245382585752,0.17810026385224276,0.22189973614775726
quinine-ethyl-carbonate 1.0,80.1510989010989,83.13626373626374,0.7026752696403016,9.971833173033312,0.7512091235929484,12.223006835417177,8.260799037917732,-0.02354172854649558,31.663809970921296,0.9651286857293965,0.11698710195606232,0.1920865653953884,0.05932369101486744,0.14725274725274726,0.09203296703296704,0.3574175824175824,0.18873626373626373,0.21456043956043955
quinine-ethyl-carbonate 10.0,81.47659334461365,84.57134799774394,0.7139236751129334,10.048903924676729,0.7477920525015798,12.402142322374685,8.26664630173606,0.023227751929186868,32.00872653832989,0.9645613168373023,0.11698258031225313,0.18602042621899217,0.06072957101622385,0.14974619289340102,0.08516638465877044,0.34574168076706147,0.2038917089678511,0.21545403271291597
quinine-ethyl-carbonate 3.0,82.67657142857144,85.88514285714285,0.7018864543563766,10.109889765154144,0.7490701399581676,12.402176139164949,8.38166395855943,0.09784637586717274,32.17849658991095,0.964206963012328,0.11659200583579242,0.1894521008403355,0.06011876750700298,0.14142857142857143,0.088,0.3485714285714286,0.2082857142857143,0.21371428571428572
solithromycin 0.003,79.51709758131777,82.5279399499583,0.7032558331621315,9.90631971494742,0.7509996956533581,12.173169957796466,8.192926067810923,0.05242667360967689,31.50662185167961,0.964147768658902,0.12059959528136109,0.20544898526549893,0.05977802853140164,0.1623575201556853,0.08646093967194884,0.3519599666388657,0.19905476786210732,0.20016680567139283
solithromycin 0.01,83.9240305149396,87.20216147488875,0.7069198636081182,10.193584419208376,0.7476933335200168,12.599724996754183,8.399717159995351,0.011543155138834749,32.58779977278059,0.9638365967644829,0.11133800973319263,0.18489678770427398,0.05578574722959742,0.14208518753973298,0.0845518118245391,0.35537190082644626,0.1993006993006993,0.21869040050858232
solithromycin 0.03,83.41473105134475,86.58160146699267,0.7039558602837067,10.157825528000084,0.75001988713045,12.486179121160083,8.397102975633626,0.06481006673888165,32.36802533789307,0.9642607143282256,0.11306159536579782,0.19098890167313873,0.05697121146747212,0.16595354523227385,0.09015892420537898,0.3533007334963325,0.18092909535452323,0.20965770171149145
solithromycin 0.1,82.7180023923445,85.86543062200957,0.6989393739090627,10.107264037810324,0.7494272972863303,12.365630219200012,8.392166068012672,-0.022949942134055448,32.15327413560532,0.9645142730830094,0.1194755906387078,0.20476270053475878,0.059530971479500934,0.1513157894736842,0.0867224880382775,0.3480861244019139,0.19497607655502391,0.21889952153110048
solithromycin 0.3,80.70858455354579,83.81337927074361,0.6986189411974445,9.996701247031679,0.7502647128686137,12.241065787888818,8.302464315865832,-0.05448070886087746,31.781506051260553,0.9641337626452342,0.11786631938079703,0.19494604043167582,0.05946811684765759,0.15819695664656905,0.08957795004306632,0.3482629916738444,0.18748205569910997,0.21648004593741027
solithromycin 1.0,82.34914032168608,85.70410427066001,0.7073291254927888,10.085169118495443,0.7470097040519886,12.43759787644095,8.326755689584814,0.033566474996422485,32.1920227259686,0.9630585475462887,0.11650519294025029,0.19190048176785826,0.05980935912912048,0.1569606211869107,0.0829173599556295,0.343871325568497,0.1930116472545757,0.22323904603438713
solithromycin 10.0,82.50992234685073,85.4233534656313,0.725567988471366,10.152413039953807,0.7526250808189568,12.611248116414519,8.277577653782082,-0.07138257758437912,32.334043111682924,0.9664133868461303,0.1082668135046402,0.16365866450117503,0.056893197313437706,0.13201035375323555,0.08858211101524302,0.359792924935289,0.18780557952257693,0.23180903077365544
solithromycin 3.0,80.83971631205674,83.9049645390071,0.7177017712368718,10.020194513376152,0.7504605683199584,12.420066136093846,8.208855830873393,0.04931279884468763,31.957591355994904,0.9640182378282471,0.11532334073515935,0.18886357947434185,0.0578931998331245,0.1321985815602837,0.09106382978723404,0.3304964539007092,0.20709219858156028,0.23914893617021277
